number,first_name,last_name,position,age,height,weight,school,name,region,division,40_time,bench_press,broad_jump,vertical_jump,cone_drill,shuttle_20,shuttle_60,wonderlic,link,player_id
14,A.J.,Watkins,WR,22,74,200,"Mississippi State","Wild Dogs",South,1,4.54,14,"10'1""",40.5,6.95,4.34,11.41,13,"=HYPERLINK(""https://progressionfootball.com/players?league=10455&player=49389633"")",49389633
58,Abelardo,Cameron,DT,22,77,315,"Middle Tennessee","Blue Pillagers",South,1,4.79,32,"9'10""",28,7.73,4.9,12.14,15,"=HYPERLINK(""https://progressionfootball.com/players?league=10455&player=49389804"")",49389804
65,Adam,Anderson,G,21,78,289,Washington,Samoyeds,"Pacific Northwest",1,4.88,22,"10'5""",30.5,7.84,5.01,11.85,22,"=HYPERLINK(""https://progressionfootball.com/players?league=10455&player=49389686"")",49389686
95,Adarius,Yazzie,DT,21,77,335,"Arizona State","Sun Demons",Southwest,1,4.9,28,"10'2""",27,8,5.24,12.34,16,"=HYPERLINK(""https://progressionfootball.com/players?league=10455&player=49389785"")",49389785
36,Agustin,Thomas,S,21,73,179,"West Lafayette",Engineers,Midwest,1,4.45,11,"11'2""",42,6.9,4.22,11.23,17,"=HYPERLINK(""https://progressionfootball.com/players?league=10455&player=49389928"")",49389928
40,Akeem,Jimenez,K,23,75,179,Michigan,Weasels,Midwest,1,4.92,4,"8'7""",32,7.77,5.45,11.8,15,"=HYPERLINK(""https://progressionfootball.com/players?league=10455&player=49389944"")",49389944
14,Akeem,Pennington,HB,22,70,195,"East Carolina",Buccaneers,South,1,4.63,6,"9'11""",36.5,7.62,5.32,11.79,14,"=HYPERLINK(""https://progressionfootball.com/players?league=10455&player=49389580"")",49389580
64,Alan,Brown,DE,23,75,295,Mississippi,Insurgents,South,1,4.78,30,"10'10""",34.5,7.42,4.39,11.4,12,"=HYPERLINK(""https://progressionfootball.com/players?league=10455&player=49389770"")",49389770
28,Alan,Walker,FB,22,73,245,Texas,Bulls,Texas,1,5.06,11,"9'7""",32.5,7.85,5.4,12.23,13,"=HYPERLINK(""https://progressionfootball.com/players?league=10455&player=49389588"")",49389588
60,Albert,Jenkins,DE,21,78,274,"South Bend",Leprechauns,Midwest,1,4.65,34,"10'4""",36,7.27,4.39,11.52,22,"=HYPERLINK(""https://progressionfootball.com/players?league=10455&player=49389747"")",49389747
52,Albert,Wheeler,G,20,79,321,Alabama,"Red Wave",South,1,5.18,26,"9'10""",28,8.02,5.24,12.21,14,"=HYPERLINK(""https://progressionfootball.com/players?league=10455&player=49389682"")",49389682
80,Aldrick,Sanders,WR,20,71,191,Tennessee,Militiamen,South,1,4.42,12,"9'10""",38.5,7.32,4.88,11.75,15,"=HYPERLINK(""https://progressionfootball.com/players?league=10455&player=49389632"")",49389632
35,Aldrick,Smith,HB,23,68,195,"Miami (FL)",Storms,Florida,1,4.77,18,"10'3""",37,7.69,5.26,12.03,12,"=HYPERLINK(""https://progressionfootball.com/players?league=10455&player=49389560"")",49389560
61,Alex,Richardson,T,21,77,300,"Boise State",Mustangs,"Great Basin",1,5.25,22,"9'10""",30.5,7.9,5.47,12.28,12,"=HYPERLINK(""https://progressionfootball.com/players?league=10455&player=49389732"")",49389732
58,Alex,Washington,DT,23,76,323,Waco,Grizzlies,Texas,1,4.84,29,"10'0""",28.5,8.2,5.33,12.64,14,"=HYPERLINK(""https://progressionfootball.com/players?league=10455&player=49389783"")",49389783
55,Ali,Mason,OLB,21,74,271,"South Bend",Leprechauns,Midwest,1,4.77,18,"10'0""",35.5,7.27,4.49,12.13,12,"=HYPERLINK(""https://progressionfootball.com/players?league=10455&player=49389820"")",49389820
86,Andre,Blackburn,TE,21,78,254,"South Bend",Leprechauns,Midwest,1,4.67,21,"10'5""",32.5,7.33,4.68,11.75,12,"=HYPERLINK(""https://progressionfootball.com/players?league=10455&player=49389652"")",49389652
44,Andre,Hart,CB,22,71,194,Louisville,Finches,South,1,4.43,15,"10'4""",38.5,7,4.2,11.24,21,"=HYPERLINK(""https://progressionfootball.com/players?league=10455&player=49389860"")",49389860
49,Andre,Joseph,CB,22,72,194,Evanston,Panthers,Midwest,1,4.49,9,"9'8""",34,7.43,4.74,11.72,12,"=HYPERLINK(""https://progressionfootball.com/players?league=10455&player=49389859"")",49389859
52,Andy,Faison,G,20,79,316,Oklahoma,Wagoneers,"Great Plains",1,5.2,25,"9'6""",29.5,8.29,5.64,12.36,12,"=HYPERLINK(""https://progressionfootball.com/players?league=10455&player=49389725"")",49389725
69,Angelo,Lucas,DE,21,74,269,"Penn State","Mountain Lions",Appalachia,1,4.69,24,"9'8""",28,7.36,4.55,12.03,13,"=HYPERLINK(""https://progressionfootball.com/players?league=10455&player=49389745"")",49389745
55,Angelo,Smith,MLB,22,71,239,California,"Golden Cubs",California,1,4.78,18,"10'3""",33.5,7.37,4.91,11.89,12,"=HYPERLINK(""https://progressionfootball.com/players?league=10455&player=49389826"")",49389826
13,Anthony,Blair,WR,23,76,183,"Michigan State",Trojans,Midwest,1,4.49,15,"10'4""",35.5,7.18,4.61,11.49,16,"=HYPERLINK(""https://progressionfootball.com/players?league=10455&player=49389643"")",49389643
95,Anthony,Delgado,DT,20,75,298,"Texas Tech","Red Pillagers",Texas,1,4.81,24,"10'1""",32,7.73,4.79,11.77,16,"=HYPERLINK(""https://progressionfootball.com/players?league=10455&player=49389789"")",49389789
88,Anthony,Varner,WR,23,75,199,"Louisiana State",Cougars,South,1,4.67,4,"10'3""",37,6.97,4.33,11.28,16,"=HYPERLINK(""https://progressionfootball.com/players?league=10455&player=49389602"")",49389602
66,Antonio,Martin,C,22,79,325,"Arizona State","Sun Demons",Southwest,1,5.07,30,"10'5""",30.5,7.9,5.15,11.9,30,"=HYPERLINK(""https://progressionfootball.com/players?league=10455&player=49389705"")",49389705
76,Austin,Dickey,DE,20,77,266,Texas,Bulls,Texas,1,4.7,12,"9'10""",29.5,7.56,4.81,11.89,13,"=HYPERLINK(""https://progressionfootball.com/players?league=10455&player=49389771"")",49389771
74,Austin,Newman,G,20,75,286,Georgia,Dawgs,South,1,4.95,29,"10'6""",34.5,7.68,5.11,12.1,22,"=HYPERLINK(""https://progressionfootball.com/players?league=10455&player=49389713"")",49389713
17,Austin,Oliver,CB,20,69,182,Georgia,Dawgs,South,1,4.51,17,"10'5""",37,6.85,4.23,11.25,13,"=HYPERLINK(""https://progressionfootball.com/players?league=10455&player=49389889"")",49389889
68,Austin,Pollard,DE,23,76,291,Tulsa,Tornadoes,"Great Plains",1,4.52,32,"11'0""",35,7.5,4.51,11.55,17,"=HYPERLINK(""https://progressionfootball.com/players?league=10455&player=49389761"")",49389761
75,Austin,Sasser,G,20,78,328,"Texas A&M",Ranchers,Texas,1,4.93,28,"10'0""",32,7.86,4.97,12.06,19,"=HYPERLINK(""https://progressionfootball.com/players?league=10455&player=49389694"")",49389694
38,Austin,Smith,FB,23,72,225,"Georgia Tech",Wasps,South,1,5.05,25,"9'8""",29.5,7.69,5.46,11.7,12,"=HYPERLINK(""https://progressionfootball.com/players?league=10455&player=49389594"")",49389594
47,Beau,Lester,OLB,20,73,262,Navy,Sailors,Mid-Atlantic,1,4.68,23,"9'11""",32,7.87,4.99,12.05,13,"=HYPERLINK(""https://progressionfootball.com/players?league=10455&player=49389843"")",49389843
61,Beau,Mayer,T,22,78,303,Pittsburgh,Jaguars,Appalachia,1,5.13,23,"9'6""",29.5,8.03,5.66,12.61,13,"=HYPERLINK(""https://progressionfootball.com/players?league=10455&player=49389670"")",49389670
37,Bell,Taylor,S,23,75,197,Wisconsin,Marmots,Midwest,1,4.48,13,"10'2""",40.5,6.96,4.28,11.33,14,"=HYPERLINK(""https://progressionfootball.com/players?league=10455&player=49389934"")",49389934
51,Ben,Martin,DE,22,79,283,Clemson,Wildcats,South,1,4.6,32,"11'1""",34,7.21,4.24,11.45,13,"=HYPERLINK(""https://progressionfootball.com/players?league=10455&player=49389758"")",49389758
53,Bilal,Carter,DE,22,74,287,"New Orleans","Green Tide",South,1,4.75,26,"9'8""",33,7.62,4.71,11.74,13,"=HYPERLINK(""https://progressionfootball.com/players?league=10455&player=49389763"")",49389763
65,Bilal,McCarthy,T,22,79,307,"South Carolina",Roosters,South,1,5.26,26,"9'8""",26.5,8.06,5.6,12.58,14,"=HYPERLINK(""https://progressionfootball.com/players?league=10455&player=49389733"")",49389733
8,Blaine,Elliott,P,22,72,197,"North Carolina",Rams,South,1,4.72,5,"9'4""",32,7.33,4.74,11.29,23,"=HYPERLINK(""https://progressionfootball.com/players?league=10455&player=49389965"")",49389965
42,Bobby,Dixon,CB,21,72,181,Washington,Samoyeds,"Pacific Northwest",1,4.5,11,"10'0""",35,7.14,4.73,11.67,16,"=HYPERLINK(""https://progressionfootball.com/players?league=10455&player=49389872"")",49389872
31,Brad,Bowers,CB,21,74,203,Indiana,Groundhogs,Midwest,1,4.49,12,"11'0""",41,7,4.3,11.35,16,"=HYPERLINK(""https://progressionfootball.com/players?league=10455&player=49389865"")",49389865
18,Bradley,Holloway,WR,21,73,204,"Washington State",Jaguars,"Pacific Northwest",1,4.55,14,"10'2""",36.5,7.22,4.68,11.85,13,"=HYPERLINK(""https://progressionfootball.com/players?league=10455&player=49389616"")",49389616
7,Brandon,Andrews,P,21,73,215,Tennessee,Militiamen,South,1,4.87,9,"8'6""",30,7.74,5.48,12.13,30,"=HYPERLINK(""https://progressionfootball.com/players?league=10455&player=49389966"")",49389966
12,Brandon,Boyer,P,23,72,201,Houston,Lynxes,Texas,1,4.81,16,"9'5""",34.5,7.4,4.87,11.38,40,"=HYPERLINK(""https://progressionfootball.com/players?league=10455&player=49389967"")",49389967
10,Brandon,Brown,TE,22,75,241,"Southern California",Spartans,California,1,4.67,22,"9'11""",36,7.24,4.43,11.63,16,"=HYPERLINK(""https://progressionfootball.com/players?league=10455&player=49389664"")",49389664
33,Brandon,Gibson,CB,22,74,208,"Virginia Tech",Turkeys,South,1,4.31,22,"10'7""",37,6.94,4.17,11.41,16,"=HYPERLINK(""https://progressionfootball.com/players?league=10455&player=49389882"")",49389882
58,Brandon,May,DE,20,74,294,"Arizona State","Sun Demons",Southwest,1,4.79,32,"10'1""",30,7.39,4.39,11.49,12,"=HYPERLINK(""https://progressionfootball.com/players?league=10455&player=49389775"")",49389775
25,Brandon,Tate,HB,23,69,190,Daytona,Hurricanes,South,2,4.51,21,"10'2""",37.5,7.02,4.47,11.26,16,"=HYPERLINK(""https://progressionfootball.com/players?league=10455&player=49389581"")",49389581
61,Branson,Frank,DT,22,74,292,"Utah State",Settlers,"Great Basin",1,4.73,31,"10'2""",28,7.69,4.98,12.21,12,"=HYPERLINK(""https://progressionfootball.com/players?league=10455&player=49389784"")",49389784
59,Brian,Ashe,MLB,23,75,276,Georgia,Dawgs,South,1,4.64,21,"10'7""",38.5,7.23,4.34,11.82,15,"=HYPERLINK(""https://progressionfootball.com/players?league=10455&player=49389825"")",49389825
89,Brian,Cunningham,WR,22,73,207,"Kent State",Lightning,Midwest,1,4.39,18,"10'3""",35,7.49,4.66,11.75,16,"=HYPERLINK(""https://progressionfootball.com/players?league=10455&player=49389627"")",49389627
76,Brian,Wolfe,DT,23,73,330,Navy,Sailors,Mid-Atlantic,1,4.95,25,"10'0""",32.5,8.08,5.06,12.44,13,"=HYPERLINK(""https://progressionfootball.com/players?league=10455&player=49389780"")",49389780
47,Brock,Williams,CB,21,73,174,Clemson,Wildcats,South,1,4.28,15,"10'4""",40.5,7.06,4.42,11.42,16,"=HYPERLINK(""https://progressionfootball.com/players?league=10455&player=49389904"")",49389904
43,Bruce,Carter,CB,21,70,211,"Penn State","Mountain Lions",Appalachia,1,4.55,19,"10'3""",40,7.3,4.66,11.82,12,"=HYPERLINK(""https://progressionfootball.com/players?league=10455&player=49389879"")",49389879
91,Bruce,Reynolds,OLB,23,77,249,Tennessee,Militiamen,South,1,4.77,12,"10'3""",34,7.45,4.72,11.95,13,"=HYPERLINK(""https://progressionfootball.com/players?league=10455&player=49389814"")",49389814
63,Bruce,Wood,G,23,78,330,"Arizona State","Sun Demons",Southwest,1,4.84,26,"10'1""",29,7.86,4.93,11.97,40,"=HYPERLINK(""https://progressionfootball.com/players?league=10455&player=49389726"")",49389726
6,Bryce,Washington,CB,21,75,203,Michigan,Weasels,Midwest,1,4.59,8,"9'4""",33,7.56,4.96,12.05,16,"=HYPERLINK(""https://progressionfootball.com/players?league=10455&player=49389898"")",49389898
52,Burley,Proctor,G,21,77,311,"Miami (FL)",Storms,Florida,1,5.16,27,"9'10""",29.5,8,5.45,12.69,13,"=HYPERLINK(""https://progressionfootball.com/players?league=10455&player=49389716"")",49389716
52,Byron,Mobley,MLB,20,76,234,Oklahoma,Wagoneers,"Great Plains",1,4.6,16,"9'10""",36,7.42,4.79,11.87,14,"=HYPERLINK(""https://progressionfootball.com/players?league=10455&player=49389839"")",49389839
41,C.J.,Espinoza,OLB,22,76,236,Oklahoma,Wagoneers,"Great Plains",1,4.46,20,"11'1""",35.5,7.03,4.22,11.48,28,"=HYPERLINK(""https://progressionfootball.com/players?league=10455&player=49389853"")",49389853
3,C.J.,Thomas,CB,23,73,199,"North Dakota State",Buffaloes,"Great Plains",2,4.53,20,"10'1""",34.5,7.26,4.63,11.38,14,"=HYPERLINK(""https://progressionfootball.com/players?league=10455&player=49389877"")",49389877
30,Cam,Batson,K,21,69,187,"Ohio State",Acorns,Midwest,1,4.85,6,"8'4""",27,7.36,5.14,11.57,15,"=HYPERLINK(""https://progressionfootball.com/players?league=10455&player=49389948"")",49389948
89,Cameron,Dubose,WR,21,74,180,Kansas,Larks,"Great Plains",1,4.56,8,"10'1""",39.5,7.4,4.9,11.85,14,"=HYPERLINK(""https://progressionfootball.com/players?league=10455&player=49389617"")",49389617
27,Carl,Cook,CB,22,69,198,"California-Los Angeles",Bears,California,1,4.42,8,"9'11""",38,7.16,4.29,11.4,15,"=HYPERLINK(""https://progressionfootball.com/players?league=10455&player=49389862"")",49389862
43,Carl,Cunningham,CB,20,70,220,Texas,Bulls,Texas,1,4.55,18,"10'7""",39.5,7.28,4.57,11.59,13,"=HYPERLINK(""https://progressionfootball.com/players?league=10455&player=49389866"")",49389866
52,Carl,Glover,DT,22,76,343,"Southern California",Spartans,California,1,4.79,31,"9'10""",30.5,7.97,4.78,12.47,13,"=HYPERLINK(""https://progressionfootball.com/players?league=10455&player=49389799"")",49389799
7,Carl,Marino,TE,23,77,236,"Penn State","Mountain Lions",Appalachia,1,4.81,12,"10'3""",39.5,7.65,5.05,11.99,14,"=HYPERLINK(""https://progressionfootball.com/players?league=10455&player=49389661"")",49389661
26,Carl,Yang,S,23,72,178,Georgia,Dawgs,South,1,4.76,9,"9'9""",35.5,6.98,4.49,11.46,12,"=HYPERLINK(""https://progressionfootball.com/players?league=10455&player=49389909"")",49389909
6,Carson,March,QB,23,71,214,"Michigan State",Trojans,Midwest,1,4.69,12,"9'8""",29,7.24,4.71,11.6,19,"=HYPERLINK(""https://progressionfootball.com/players?league=10455&player=49389541"")",49389541
76,Casey,Graham,C,23,78,310,Texas,Bulls,Texas,1,5.06,24,"9'7""",31,8.01,5.34,12.4,15,"=HYPERLINK(""https://progressionfootball.com/players?league=10455&player=49389703"")",49389703
64,Chad,Church,T,21,77,322,"Air Force",Pilots,Rockies,1,5.13,24,"10'3""",28.5,7.76,5.25,12.48,24,"=HYPERLINK(""https://progressionfootball.com/players?league=10455&player=49389671"")",49389671
33,Chad,Ford,CB,21,73,196,Auburn,Wildcats,South,1,4.4,16,"10'8""",39.5,7,4.3,11.26,13,"=HYPERLINK(""https://progressionfootball.com/players?league=10455&player=49389878"")",49389878
43,Charles,Bruce,OLB,23,77,254,"Rhode Island",Goats,"New England",2,4.74,16,"9'10""",34.5,7.37,4.7,11.92,19,"=HYPERLINK(""https://progressionfootball.com/players?league=10455&player=49389817"")",49389817
1,Charles,Carter,K,20,72,189,"West Virginia",Miners,Appalachia,1,4.74,4,"8'10""",31,7.54,5.36,11.67,17,"=HYPERLINK(""https://progressionfootball.com/players?league=10455&player=49389947"")",49389947
75,Charles,Kidd,T,21,78,327,Louisville,Finches,South,1,5.27,31,"10'1""",30,8.09,5.38,12.3,20,"=HYPERLINK(""https://progressionfootball.com/players?league=10455&player=49389737"")",49389737
31,Chris,Davis,K,23,69,170,"California-Los Angeles",Bears,California,1,4.71,4,"8'11""",32.5,7.29,5.13,11.51,16,"=HYPERLINK(""https://progressionfootball.com/players?league=10455&player=49389945"")",49389945
45,Chris,Eastman,TE,22,75,258,"South Florida",Herd,Florida,1,4.85,23,"10'0""",33,7.31,4.74,11.94,14,"=HYPERLINK(""https://progressionfootball.com/players?league=10455&player=49389653"")",49389653
37,Chris,Freeman,CB,23,72,200,"Louisiana State",Cougars,South,1,4.36,16,"10'5""",40.5,7.25,4.6,11.65,13,"=HYPERLINK(""https://progressionfootball.com/players?league=10455&player=49389861"")",49389861
44,Chris,Higgins,MLB,21,73,271,"Southern California",Spartans,California,1,4.78,26,"10'1""",33.5,7.7,4.82,12.02,17,"=HYPERLINK(""https://progressionfootball.com/players?league=10455&player=49389827"")",49389827
54,Chris,Johnson,OLB,20,78,223,Waco,Grizzlies,Texas,1,4.66,16,"10'0""",36.5,7.42,4.71,11.94,12,"=HYPERLINK(""https://progressionfootball.com/players?league=10455&player=49389855"")",49389855
98,Chris,Lester,OLB,20,77,232,Nevada,Wolves,"Great Basin",1,4.7,16,"10'1""",37,7.14,4.65,11.98,16,"=HYPERLINK(""https://progressionfootball.com/players?league=10455&player=49389845"")",49389845
28,Chris,Turner,S,20,69,218,"Florida State",Chiefs,Florida,1,4.72,13,"10'4""",36.5,7.4,4.79,11.75,14,"=HYPERLINK(""https://progressionfootball.com/players?league=10455&player=49389926"")",49389926
65,Christian,Fields,DT,20,74,324,"South Florida",Herd,Florida,1,4.92,30,"9'7""",29.5,7.87,4.94,12.31,13,"=HYPERLINK(""https://progressionfootball.com/players?league=10455&player=49389794"")",49389794
45,Christian,Jenkins,OLB,22,73,278,"Louisiana State",Cougars,South,1,4.8,22,"9'11""",37,7.45,4.7,12.29,12,"=HYPERLINK(""https://progressionfootball.com/players?league=10455&player=49389810"")",49389810
61,Christian,Martin,T,21,79,309,Michigan,Weasels,Midwest,1,5.2,27,"9'11""",28.5,8.08,5.31,12.4,21,"=HYPERLINK(""https://progressionfootball.com/players?league=10455&player=49389668"")",49389668
72,Christian,Washington,DT,23,77,349,Kansas,Larks,"Great Plains",1,4.88,25,"9'7""",25.5,8.04,5.01,12.27,15,"=HYPERLINK(""https://progressionfootball.com/players?league=10455&player=49389778"")",49389778
65,Clark,Doyle,DE,22,74,293,Arizona,Tigers,Southwest,1,4.87,21,"9'8""",29.5,7.53,4.87,12.06,12,"=HYPERLINK(""https://progressionfootball.com/players?league=10455&player=49389773"")",49389773
52,Clayton,Palmer,DE,21,78,266,"Mississippi State","Wild Dogs",South,1,4.74,26,"10'1""",30,7.96,5.08,11.98,13,"=HYPERLINK(""https://progressionfootball.com/players?league=10455&player=49389762"")",49389762
12,Cole,Clay,OLB,23,78,245,"New Jersey",Paladins,Mid-Atlantic,1,4.54,25,"10'10""",40.5,7.14,4.47,11.63,24,"=HYPERLINK(""https://progressionfootball.com/players?league=10455&player=49389846"")",49389846
53,Corey,Foster,G,23,79,287,"Iowa State",Tornadoes,Midwest,1,5.03,32,"10'9""",30,7.78,5.16,11.89,28,"=HYPERLINK(""https://progressionfootball.com/players?league=10455&player=49389691"")",49389691
40,Corey,Hearn,HB,21,70,191,"Oklahoma State",Rangers,"Great Plains",1,4.44,11,"10'0""",38.5,7.3,4.72,11.53,16,"=HYPERLINK(""https://progressionfootball.com/players?league=10455&player=49389586"")",49389586
44,Corey,Jones,HB,21,68,197,"California-Los Angeles",Bears,California,1,4.62,15,"9'5""",32,7.57,5.13,11.84,16,"=HYPERLINK(""https://progressionfootball.com/players?league=10455&player=49389562"")",49389562
39,Corey,Powell,FB,22,73,223,Oklahoma,Wagoneers,"Great Plains",1,5.07,17,"9'10""",32,7.76,5.34,11.53,14,"=HYPERLINK(""https://progressionfootball.com/players?league=10455&player=49389596"")",49389596
16,Cortez,Knight,WR,23,69,194,"Penn State","Mountain Lions",Appalachia,1,4.66,18,"10'2""",37.5,7.46,4.93,11.95,13,"=HYPERLINK(""https://progressionfootball.com/players?league=10455&player=49389645"")",49389645
39,Cory,Washington,S,23,70,210,"Virginia Tech",Turkeys,South,1,4.62,9,"9'7""",36,7.27,4.58,11.76,14,"=HYPERLINK(""https://progressionfootball.com/players?league=10455&player=49389929"")",49389929
64,Curtis,Boles,DE,22,79,293,Georgia,Dawgs,South,1,4.73,25,"10'4""",31.5,7.42,4.53,12,14,"=HYPERLINK(""https://progressionfootball.com/players?league=10455&player=49389752"")",49389752
43,Cyril,Morris,MLB,22,78,255,"Appalachian State",Miners,Appalachia,1,4.68,15,"10'5""",34.5,7.45,4.66,11.9,16,"=HYPERLINK(""https://progressionfootball.com/players?league=10455&player=49389824"")",49389824
18,D'Joun,Gao,K,23,76,204,"Southern California",Spartans,California,1,4.75,12,"8'8""",29,7.54,5.11,11.81,15,"=HYPERLINK(""https://progressionfootball.com/players?league=10455&player=49389952"")",49389952
41,D.J.,Osburn,S,21,71,189,Stanford,Redwoods,California,1,4.67,22,"9'7""",34.5,7.37,4.91,11.78,13,"=HYPERLINK(""https://progressionfootball.com/players?league=10455&player=49389923"")",49389923
53,Da'Norris,Downs,DE,22,77,253,Michigan,Weasels,Midwest,1,4.73,20,"10'4""",35.5,7.16,4.33,11.58,15,"=HYPERLINK(""https://progressionfootball.com/players?league=10455&player=49389772"")",49389772
35,Da'Norris,Herron,FB,22,69,271,Wisconsin,Marmots,Midwest,1,4.96,22,"10'4""",31.5,7.86,5.2,11.8,18,"=HYPERLINK(""https://progressionfootball.com/players?league=10455&player=49389600"")",49389600
9,Da'Norris,Stevenson,S,22,70,215,"Washington State",Jaguars,"Pacific Northwest",1,4.66,8,"10'4""",37,7.11,4.56,11.68,14,"=HYPERLINK(""https://progressionfootball.com/players?league=10455&player=49389935"")",49389935
1,DaQuan,Welch,CB,22,70,207,Southern,Pumas,South,2,4.39,21,"11'4""",42.5,7.11,4.32,11.13,16,"=HYPERLINK(""https://progressionfootball.com/players?league=10455&player=49389892"")",49389892
19,Dallas,Bolton,QB,23,75,220,Syracuse,Lakers,"New York",1,4.6,10,"9'6""",36,7.48,4.83,11.86,25,"=HYPERLINK(""https://progressionfootball.com/players?league=10455&player=49389545"")",49389545
41,Dallas,Ross,MLB,21,76,269,"West Virginia",Miners,Appalachia,1,4.61,32,"11'1""",36,7.2,4.22,11.74,17,"=HYPERLINK(""https://progressionfootball.com/players?league=10455&player=49389835"")",49389835
75,Dan,Cook,DE,20,79,257,Colorado,Bison,Rockies,1,4.77,24,"9'7""",30,7.66,5.05,12.11,15,"=HYPERLINK(""https://progressionfootball.com/players?league=10455&player=49389751"")",49389751
2,Dan,Wilson,K,22,68,200,Georgetown,Presidents,Mid-Atlantic,2,4.94,9,"8'8""",30.5,7.44,5.27,11.88,12,"=HYPERLINK(""https://progressionfootball.com/players?league=10455&player=49389951"")",49389951
85,Dan,Young,WR,21,70,197,Indiana,Groundhogs,Midwest,1,4.45,8,"10'3""",38,6.9,4.26,11.48,15,"=HYPERLINK(""https://progressionfootball.com/players?league=10455&player=49389621"")",49389621
7,Daniel,Boyd,OLB,23,77,225,"Texas A&M",Ranchers,Texas,1,4.69,27,"10'11""",40,6.97,4.23,11.54,18,"=HYPERLINK(""https://progressionfootball.com/players?league=10455&player=49389849"")",49389849
61,Daniel,Destefano,G,23,78,327,"New Jersey",Paladins,Mid-Atlantic,1,5.08,28,"10'0""",28,8,5.51,12.51,16,"=HYPERLINK(""https://progressionfootball.com/players?league=10455&player=49389718"")",49389718
13,Daniel,Elliott,QB,22,68,209,Florida,Manatees,Florida,1,4.63,18,"9'8""",33.5,7.08,4.58,11.31,17,"=HYPERLINK(""https://progressionfootball.com/players?league=10455&player=49389558"")",49389558
48,Daniel,Johnson,CB,20,71,189,"New Jersey",Paladins,Mid-Atlantic,1,4.32,13,"10'6""",35.5,7.24,4.55,11.46,16,"=HYPERLINK(""https://progressionfootball.com/players?league=10455&player=49389887"")",49389887
38,Daniel,Pittman,OLB,23,74,237,"Houston Baptist",Wolves,Texas,2,4.73,17,"10'3""",33.5,7.09,4.36,11.76,30,"=HYPERLINK(""https://progressionfootball.com/players?league=10455&player=49389807"")",49389807
30,Darian,Booker,S,20,75,197,Tulsa,Tornadoes,"Great Plains",1,4.62,16,"10'4""",39.5,7.08,4.47,11.57,15,"=HYPERLINK(""https://progressionfootball.com/players?league=10455&player=49389936"")",49389936
39,Darqueze,Brown,FB,23,69,223,Navy,Sailors,Mid-Atlantic,1,4.93,22,"10'0""",35,7.68,5.31,11.88,16,"=HYPERLINK(""https://progressionfootball.com/players?league=10455&player=49389595"")",49389595
49,Darqueze,McBride,WR,23,71,203,Pittsburgh,Jaguars,Appalachia,1,4.6,7,"9'9""",38,7.34,4.71,11.76,13,"=HYPERLINK(""https://progressionfootball.com/players?league=10455&player=49389601"")",49389601
10,Darqueze,Thompson,WR,23,71,184,"Southern Mississippi","Golden Peregrines",South,1,4.41,8,"10'5""",38.5,6.9,4.25,11.49,16,"=HYPERLINK(""https://progressionfootball.com/players?league=10455&player=49389626"")",49389626
21,Darren,Evans,S,21,73,215,Michigan,Weasels,Midwest,1,4.6,13,"9'10""",35.5,7.24,4.75,11.84,13,"=HYPERLINK(""https://progressionfootball.com/players?league=10455&player=49389940"")",49389940
29,Daryl,Childs,S,20,69,178,"Air Force",Pilots,Rockies,1,4.63,6,"10'0""",39,7.05,4.48,11.49,15,"=HYPERLINK(""https://progressionfootball.com/players?league=10455&player=49389915"")",49389915
14,David,Arnold,WR,23,70,206,Missouri,Lions,South,1,4.7,9,"10'3""",39,7.32,4.71,11.7,12,"=HYPERLINK(""https://progressionfootball.com/players?league=10455&player=49389623"")",49389623
21,David,Bergeron,HB,21,69,194,Syracuse,Lakers,"New York",1,4.64,17,"10'4""",38,7.31,4.91,11.56,16,"=HYPERLINK(""https://progressionfootball.com/players?league=10455&player=49389583"")",49389583
11,David,Coleman,QB,21,69,224,Wisconsin,Marmots,Midwest,1,4.75,7,"9'8""",32.5,7.19,4.53,11.43,15,"=HYPERLINK(""https://progressionfootball.com/players?league=10455&player=49389555"")",49389555
43,David,Flowers,HB,21,71,190,Alabama,"Red Wave",South,1,4.45,13,"10'9""",36,7.42,4.85,11.61,15,"=HYPERLINK(""https://progressionfootball.com/players?league=10455&player=49389563"")",49389563
49,David,Hunt,S,20,71,190,Minnesota,"Golden Squirrels",Midwest,1,4.56,17,"9'10""",35.5,7.37,4.81,11.66,15,"=HYPERLINK(""https://progressionfootball.com/players?league=10455&player=49389925"")",49389925
57,David,Johnson,G,23,78,284,"Southern Mississippi","Golden Peregrines",South,1,5.12,27,"10'1""",30.5,7.83,5.44,12.07,15,"=HYPERLINK(""https://progressionfootball.com/players?league=10455&player=49389723"")",49389723
62,David,Mathis,DT,23,76,293,Oregon,Seagulls,"Pacific Northwest",1,4.65,31,"9'10""",30.5,7.43,4.6,11.69,14,"=HYPERLINK(""https://progressionfootball.com/players?league=10455&player=49389800"")",49389800
4,David,Moore,QB,21,75,230,Georgia,Dawgs,South,1,4.69,18,"10'2""",33,7.24,4.54,11.23,21,"=HYPERLINK(""https://progressionfootball.com/players?league=10455&player=49389559"")",49389559
99,David,Woods,OLB,21,76,234,Virginia,Revolutionaries,Appalachia,1,4.74,20,"10'4""",35,7.09,4.38,11.83,13,"=HYPERLINK(""https://progressionfootball.com/players?league=10455&player=49389812"")",49389812
78,De'Anthony,Pope,DT,23,76,291,Oklahoma,Wagoneers,"Great Plains",1,4.87,27,"9'10""",28.5,7.59,4.86,11.94,12,"=HYPERLINK(""https://progressionfootball.com/players?league=10455&player=49389788"")",49389788
73,De'Veon,Brown,G,21,79,315,"Fresno State",Dogs,California,1,5.03,29,"10'11""",31,7.8,5.05,11.79,13,"=HYPERLINK(""https://progressionfootball.com/players?league=10455&player=49389687"")",49389687
91,De'Veon,Willis,DE,23,76,259,Waco,Grizzlies,Texas,1,4.83,21,"10'0""",32,7.45,4.73,11.67,15,"=HYPERLINK(""https://progressionfootball.com/players?league=10455&player=49389748"")",49389748
17,DeAngelo,Duncan,K,23,74,167,"Louisiana State",Cougars,South,1,4.66,4,"8'11""",33.5,7.44,5.07,11.53,16,"=HYPERLINK(""https://progressionfootball.com/players?league=10455&player=49389953"")",49389953
20,DeAngelo,Fang,P,21,74,219,Florida,Manatees,Florida,1,4.92,14,"9'0""",34,7.6,5.11,11.82,14,"=HYPERLINK(""https://progressionfootball.com/players?league=10455&player=49389955"")",49389955
98,DeAngelo,Russell,DE,22,77,265,"Oregon State","River Otters","Pacific Northwest",1,4.75,29,"10'7""",33.5,7.46,4.71,11.83,12,"=HYPERLINK(""https://progressionfootball.com/players?league=10455&player=49389742"")",49389742
35,Dean,Beverly,S,22,74,187,"Southern California",Spartans,California,1,4.42,23,"10'10""",40,7.04,4.35,11.22,13,"=HYPERLINK(""https://progressionfootball.com/players?league=10455&player=49389917"")",49389917
9,Dean,Mayfield,CB,21,71,199,"South Dakota State",Groundhogs,"Great Plains",2,4.55,4,"9'7""",36,7.11,4.52,11.83,16,"=HYPERLINK(""https://progressionfootball.com/players?league=10455&player=49389905"")",49389905
88,Demetri,Gorham,TE,22,77,255,Auburn,Wildcats,South,1,4.71,25,"10'4""",36.5,7.3,4.36,11.64,14,"=HYPERLINK(""https://progressionfootball.com/players?league=10455&player=49389654"")",49389654
65,Demontre,Stewart,T,20,75,286,Hawaii,Volcanoes,Hawaii,1,4.99,27,"10'6""",30,7.71,5.19,12.07,25,"=HYPERLINK(""https://progressionfootball.com/players?league=10455&player=49389738"")",49389738
20,Denis,Johnson,HB,21,73,195,Mississippi,Insurgents,South,1,4.69,22,"9'8""",33,7.65,5.12,11.98,13,"=HYPERLINK(""https://progressionfootball.com/players?league=10455&player=49389568"")",49389568
41,Deone,Hinton,WR,22,71,193,"Oklahoma State",Rangers,"Great Plains",1,4.35,22,"10'8""",38.5,7.19,4.55,11.46,13,"=HYPERLINK(""https://progressionfootball.com/players?league=10455&player=49389609"")",49389609
42,Derrick,Campbell,CB,21,74,180,"Florida State",Chiefs,Florida,1,4.36,16,"10'8""",40.5,6.98,4.36,11.29,12,"=HYPERLINK(""https://progressionfootball.com/players?league=10455&player=49389883"")",49389883
86,Derrick,Murry,TE,23,77,247,"Indiana State",Oaks,Midwest,2,4.56,16,"10'10""",35.5,7.28,4.61,11.83,16,"=HYPERLINK(""https://progressionfootball.com/players?league=10455&player=49389650"")",49389650
35,Derrick,Thomas,S,20,73,212,Florida,Manatees,Florida,1,4.65,10,"10'3""",37.5,7.33,4.91,11.86,15,"=HYPERLINK(""https://progressionfootball.com/players?league=10455&player=49389907"")",49389907
43,Devante,Davis,CB,22,71,196,"Long Island",Dolphins,Mid-Atlantic,2,4.42,4,"10'0""",37.5,6.84,4.15,11.47,13,"=HYPERLINK(""https://progressionfootball.com/players?league=10455&player=49389870"")",49389870
84,Devante,Scroggins,WR,23,74,202,"South Florida",Herd,Florida,1,4.68,5,"9'9""",34,7.55,5.05,11.89,16,"=HYPERLINK(""https://progressionfootball.com/players?league=10455&player=49389634"")",49389634
56,Dexter,Champion,T,22,75,298,Utah,Chiefs,"Great Basin",1,5.09,26,"9'8""",27.5,7.84,5.1,12.28,20,"=HYPERLINK(""https://progressionfootball.com/players?league=10455&player=49389673"")",49389673
29,Dezmen,Peterson,K,22,69,174,Clemson,Wildcats,South,1,4.83,10,"9'4""",31.5,7.35,5.13,11.58,28,"=HYPERLINK(""https://progressionfootball.com/players?league=10455&player=49389949"")",49389949
64,Dion,Green,T,23,75,325,Alabama,"Red Wave",South,1,4.99,34,"10'7""",30,7.65,4.82,11.69,30,"=HYPERLINK(""https://progressionfootball.com/players?league=10455&player=49389672"")",49389672
40,Dominique,Brooks,OLB,22,75,228,Delaware,"Ramblin Roosters",Mid-Atlantic,2,4.73,25,"10'3""",36.5,7.17,4.53,11.68,17,"=HYPERLINK(""https://progressionfootball.com/players?league=10455&player=49389822"")",49389822
39,Don,Corley,S,23,74,171,Clemson,Wildcats,South,1,4.64,17,"10'8""",42.5,6.81,4.31,11.15,15,"=HYPERLINK(""https://progressionfootball.com/players?league=10455&player=49389937"")",49389937
25,Don,Jackson,S,23,70,175,"Nevada-Las Vegas",Mutineers,"Great Basin",1,4.65,19,"9'11""",35.5,7.07,4.63,11.61,13,"=HYPERLINK(""https://progressionfootball.com/players?league=10455&player=49389930"")",49389930
83,Donald,Engle,TE,23,75,258,Arizona,Tigers,Southwest,1,4.71,23,"10'0""",33,7.47,4.86,12.03,15,"=HYPERLINK(""https://progressionfootball.com/players?league=10455&player=49389659"")",49389659
49,Doug,Arnold,TE,22,78,247,"Louisiana State",Cougars,South,1,4.72,17,"9'11""",34,7.54,4.75,11.92,12,"=HYPERLINK(""https://progressionfootball.com/players?league=10455&player=49389666"")",49389666
15,Duke,Johnson,HB,21,68,190,"West Lafayette",Engineers,Midwest,1,4.59,22,"10'7""",35,7.51,5.01,11.62,12,"=HYPERLINK(""https://progressionfootball.com/players?league=10455&player=49389565"")",49389565
14,Dusty,Johnson,WR,21,78,181,"Western Michigan",Mustangs,Midwest,1,4.59,18,"10'6""",37,7.14,4.72,11.28,16,"=HYPERLINK(""https://progressionfootball.com/players?league=10455&player=49389606"")",49389606
28,Dwayne,Riley,WR,20,77,218,Nashville,Admirals,South,1,4.53,4,"9'4""",32.5,7.56,4.87,12.11,12,"=HYPERLINK(""https://progressionfootball.com/players?league=10455&player=49389629"")",49389629
71,Dwayne,Watson,T,23,76,303,Winston-Salem,Inquisitors,South,1,5.11,23,"9'10""",31,7.93,5.21,12.31,16,"=HYPERLINK(""https://progressionfootball.com/players?league=10455&player=49389739"")",49389739
7,Earl,Rogers,QB,21,68,201,"Southern California",Spartans,California,1,4.63,12,"9'6""",31.5,7.27,4.71,11.32,13,"=HYPERLINK(""https://progressionfootball.com/players?league=10455&player=49389552"")",49389552
13,Eddie,Seymour,WR,22,74,211,"Southern California",Spartans,California,1,4.47,16,"9'10""",36.5,7.62,4.9,11.93,13,"=HYPERLINK(""https://progressionfootball.com/players?league=10455&player=49389619"")",49389619
26,Edward,Allen,HB,20,73,194,"Southern California",Spartans,California,1,4.67,15,"9'7""",34,7.56,5.04,11.77,12,"=HYPERLINK(""https://progressionfootball.com/players?league=10455&player=49389578"")",49389578
79,Edward,Haugen,DT,23,73,301,"Georgia Southern",Herons,South,1,4.96,24,"9'5""",28.5,7.87,5.08,12.21,16,"=HYPERLINK(""https://progressionfootball.com/players?league=10455&player=49389803"")",49389803
21,Ego,Miller,S,22,69,196,Winston-Salem,Inquisitors,South,1,4.58,19,"10'3""",39.5,6.86,4.26,11.22,15,"=HYPERLINK(""https://progressionfootball.com/players?league=10455&player=49389918"")",49389918
55,Elandon,Cunningham,T,23,77,306,Philadelphia,Nightingales,Mid-Atlantic,1,5.07,21,"9'11""",27.5,8.26,5.6,12.6,15,"=HYPERLINK(""https://progressionfootball.com/players?league=10455&player=49389681"")",49389681
29,Elandon,Heath,FB,22,73,252,Louisville,Finches,South,1,4.98,29,"10'2""",30,7.43,5,11.89,24,"=HYPERLINK(""https://progressionfootball.com/players?league=10455&player=49389599"")",49389599
39,Elijah,Butler,HB,23,69,191,"Texas Tech","Red Pillagers",Texas,1,4.59,4,"9'6""",31.5,7.67,5.14,11.86,16,"=HYPERLINK(""https://progressionfootball.com/players?league=10455&player=49389571"")",49389571
59,Elijah,Lang,G,22,76,298,Nashville,Admirals,South,1,4.91,24,"10'8""",31,7.73,4.93,12.16,24,"=HYPERLINK(""https://progressionfootball.com/players?league=10455&player=49389684"")",49389684
86,Eric,Lewis,TE,23,78,240,Missouri,Lions,South,1,4.79,18,"10'5""",36,7.15,4.46,11.8,14,"=HYPERLINK(""https://progressionfootball.com/players?league=10455&player=49389649"")",49389649
34,Eric,Richardson,S,23,69,183,Alabama,"Red Wave",South,1,4.6,17,"10'6""",37,6.95,4.43,11.35,12,"=HYPERLINK(""https://progressionfootball.com/players?league=10455&player=49389939"")",49389939
71,Eric,Thomas,T,22,77,320,"Georgia Tech",Wasps,South,1,5.04,23,"9'6""",27.5,8.25,5.54,12.51,15,"=HYPERLINK(""https://progressionfootball.com/players?league=10455&player=49389731"")",49389731
58,Erik,Platt,T,21,76,287,Syracuse,Lakers,"New York",1,4.8,30,"10'6""",30.5,7.46,4.65,11.5,38,"=HYPERLINK(""https://progressionfootball.com/players?league=10455&player=49389735"")",49389735
30,Evan,Hunter,OLB,21,74,255,"North Carolina State",Wolves,South,1,4.55,19,"10'6""",37,7.12,4.28,11.65,22,"=HYPERLINK(""https://progressionfootball.com/players?league=10455&player=49389856"")",49389856
44,Evan,Sellers,HB,23,70,196,Georgia,Dawgs,South,1,4.58,15,"9'11""",33,7.45,5.03,11.83,13,"=HYPERLINK(""https://progressionfootball.com/players?league=10455&player=49389582"")",49389582
33,Ezekiel,Williams,FB,21,69,229,Georgia,Dawgs,South,1,4.89,21,"9'10""",32,7.73,5.3,11.94,14,"=HYPERLINK(""https://progressionfootball.com/players?league=10455&player=49389592"")",49389592
10,Fabian,Campbell,P,21,72,197,"Kansas State",Cougars,"Great Plains",1,4.85,11,"8'8""",31,7.59,5.19,11.83,15,"=HYPERLINK(""https://progressionfootball.com/players?league=10455&player=49389964"")",49389964
36,Frank,Williams,S,22,75,179,"South Bend",Leprechauns,Midwest,1,4.63,7,"9'6""",33.5,7.03,4.66,11.55,13,"=HYPERLINK(""https://progressionfootball.com/players?league=10455&player=49389927"")",49389927
52,Gabriel,Kemp,G,21,76,313,"Florida State",Chiefs,Florida,1,4.94,36,"10'6""",34.5,7.57,4.77,11.57,14,"=HYPERLINK(""https://progressionfootball.com/players?league=10455&player=49389683"")",49389683
95,Gabriel,Parker,DT,21,77,309,"Iowa State",Tornadoes,Midwest,1,4.72,28,"10'7""",31,7.72,4.86,12.28,12,"=HYPERLINK(""https://progressionfootball.com/players?league=10455&player=49389796"")",49389796
51,Gabriel,Reeves,DT,23,77,310,"Florida State",Chiefs,Florida,1,4.9,26,"9'5""",29.5,8,5.3,12.55,14,"=HYPERLINK(""https://progressionfootball.com/players?league=10455&player=49389782"")",49389782
57,Gabriel,Wright,OLB,23,72,280,"Southern California",Spartans,California,1,4.66,25,"10'8""",33.5,7.13,4.1,11.52,22,"=HYPERLINK(""https://progressionfootball.com/players?league=10455&player=49389857"")",49389857
15,Garett,Fuentes,K,23,75,166,"North Carolina Central",Turkeys,South,2,4.56,4,"9'8""",38,7.31,4.97,11.16,27,"=HYPERLINK(""https://progressionfootball.com/players?league=10455&player=49389941"")",49389941
89,Greg,Washington,WR,21,76,208,Boston,Hawks,"New England",1,4.49,14,"9'9""",39,7.14,4.55,11.66,16,"=HYPERLINK(""https://progressionfootball.com/players?league=10455&player=49389608"")",49389608
47,Greg,Williams,OLB,22,74,255,Florida,Manatees,Florida,1,4.69,14,"10'3""",37,7.49,4.66,11.94,14,"=HYPERLINK(""https://progressionfootball.com/players?league=10455&player=49389806"")",49389806
75,Hal,Jackson,G,23,79,297,Clemson,Wildcats,South,1,5.03,27,"10'8""",33.5,7.87,5.25,12.03,23,"=HYPERLINK(""https://progressionfootball.com/players?league=10455&player=49389721"")",49389721
15,Hayes,Gordon,WR,23,74,219,Oregon,Seagulls,"Pacific Northwest",1,4.49,13,"10'0""",35.5,7.16,4.43,11.33,12,"=HYPERLINK(""https://progressionfootball.com/players?league=10455&player=49389641"")",49389641
19,Hayes,McCoy,P,22,73,217,"Ohio State",Acorns,Midwest,1,4.96,4,"8'4""",27.5,7.61,5.38,11.65,14,"=HYPERLINK(""https://progressionfootball.com/players?league=10455&player=49389958"")",49389958
91,Henry,Dean,OLB,21,74,271,"Mississippi State","Wild Dogs",South,1,4.71,26,"10'10""",39,7.25,4.38,11.72,24,"=HYPERLINK(""https://progressionfootball.com/players?league=10455&player=49389816"")",49389816
54,Henry,Spaulding,DE,21,79,252,Maryland,Turtles,Mid-Atlantic,1,4.81,19,"9'11""",28.5,7.35,4.65,11.87,14,"=HYPERLINK(""https://progressionfootball.com/players?league=10455&player=49389768"")",49389768
68,Henry,Williams,DT,21,77,319,Tennessee,Militiamen,South,1,4.69,29,"10'7""",35,7.54,4.57,11.79,18,"=HYPERLINK(""https://progressionfootball.com/players?league=10455&player=49389790"")",49389790
40,Isaac,Ethridge,TE,20,75,255,Michigan,Weasels,Midwest,1,4.67,21,"10'4""",34,7.97,5.12,12.2,12,"=HYPERLINK(""https://progressionfootball.com/players?league=10455&player=49389651"")",49389651
72,Isaiah,Casto,DE,22,74,274,Buffalo,Herd,"New York",1,4.61,21,"10'5""",31.5,7.48,4.39,11.55,16,"=HYPERLINK(""https://progressionfootball.com/players?league=10455&player=49389760"")",49389760
36,J.D.,Griffin,CB,21,73,220,"Miami (FL)",Storms,Florida,1,4.47,15,"10'2""",35.5,7.24,4.57,11.8,14,"=HYPERLINK(""https://progressionfootball.com/players?league=10455&player=49389867"")",49389867
44,Jack,Gardner,OLB,21,78,230,Alabama,"Red Wave",South,1,4.67,25,"10'3""",36.5,7.03,4.39,11.7,14,"=HYPERLINK(""https://progressionfootball.com/players?league=10455&player=49389819"")",49389819
40,Jack,Warfield,MLB,23,72,274,Michigan,Weasels,Midwest,1,4.58,29,"11'4""",34,7.15,4.26,11.6,13,"=HYPERLINK(""https://progressionfootball.com/players?league=10455&player=49389828"")",49389828
92,Jacob,Boles,P,21,72,191,"Texas State",Wildcats,Texas,1,4.75,5,"9'6""",30.5,7.24,4.87,11.69,14,"=HYPERLINK(""https://progressionfootball.com/players?league=10455&player=49389962"")",49389962
50,Jacob,Martin,OLB,23,72,248,"Western Illinois","Snapping Turtles",Midwest,2,4.71,23,"10'5""",36,7.04,4.27,11.67,15,"=HYPERLINK(""https://progressionfootball.com/players?league=10455&player=49389841"")",49389841
29,Jake,McNeill,CB,21,75,184,"North Carolina State",Wolves,South,1,4.38,16,"10'5""",36.5,6.72,3.97,11.26,12,"=HYPERLINK(""https://progressionfootball.com/players?league=10455&player=49389902"")",49389902
29,Jake,Miller,OLB,23,71,252,Memphis,Lions,South,1,4.58,23,"10'11""",39.5,7.19,4.42,11.65,31,"=HYPERLINK(""https://progressionfootball.com/players?league=10455&player=49389815"")",49389815
73,Jakeem,Ahern,G,21,77,316,"Louisiana State",Cougars,South,1,5.17,24,"10'2""",30.5,7.92,5.36,12.14,19,"=HYPERLINK(""https://progressionfootball.com/players?league=10455&player=49389685"")",49389685
70,Jamal,Reed,G,23,77,286,Michigan,Weasels,Midwest,1,5.03,25,"10'2""",29.5,8.02,5.23,12.13,13,"=HYPERLINK(""https://progressionfootball.com/players?league=10455&player=49389720"")",49389720
46,James,Cannon,WR,21,75,192,"Central Florida",Paladins,Florida,1,4.34,21,"10'11""",38.5,7.26,4.48,11.37,16,"=HYPERLINK(""https://progressionfootball.com/players?league=10455&player=49389611"")",49389611
9,James,Clark,QB,23,72,209,"West Lafayette",Engineers,Midwest,1,4.56,17,"10'0""",35.5,7.21,4.53,11.25,20,"=HYPERLINK(""https://progressionfootball.com/players?league=10455&player=49389540"")",49389540
63,James,Rush,DE,21,78,275,"Air Force",Pilots,Rockies,1,4.66,23,"10'0""",31,7.25,4.32,11.59,14,"=HYPERLINK(""https://progressionfootball.com/players?league=10455&player=49389754"")",49389754
2,James,Scott,P,21,74,192,"South Bend",Leprechauns,Midwest,1,4.89,8,"8'4""",27.5,7.78,5.51,11.86,17,"=HYPERLINK(""https://progressionfootball.com/players?league=10455&player=49389957"")",49389957
61,Jarvis,Greer,T,21,77,297,"South Florida",Herd,Florida,1,5.08,28,"10'5""",32,7.75,5.01,12.08,16,"=HYPERLINK(""https://progressionfootball.com/players?league=10455&player=49389667"")",49389667
76,Jarvis,Howard,G,23,77,318,"West Lafayette",Engineers,Midwest,1,5.21,25,"9'9""",29,7.89,5.33,12.28,19,"=HYPERLINK(""https://progressionfootball.com/players?league=10455&player=49389724"")",49389724
62,Jarvis,McDaniel,C,22,79,283,Louisiana-Lafayette,Acadians,South,1,5.06,22,"9'10""",31.5,7.75,5.22,12.18,16,"=HYPERLINK(""https://progressionfootball.com/players?league=10455&player=49389706"")",49389706
33,Jason,Scott,HB,21,70,194,Indiana,Groundhogs,Midwest,1,4.53,11,"10'2""",36,7.41,4.84,11.6,14,"=HYPERLINK(""https://progressionfootball.com/players?league=10455&player=49389573"")",49389573
82,Javorius,Harper,WR,20,76,215,"Colorado State",Goats,Rockies,1,4.51,13,"10'9""",38.5,7.14,4.35,11.41,16,"=HYPERLINK(""https://progressionfootball.com/players?league=10455&player=49389613"")",49389613
65,Javorius,Knight,C,21,79,281,Kentucky,Tigers,South,1,5.14,27,"10'0""",29.5,7.79,5.27,12.28,14,"=HYPERLINK(""https://progressionfootball.com/players?league=10455&player=49389699"")",49389699
69,Jeff,Kane,DT,22,73,331,Kentucky,Tigers,South,1,4.81,37,"10'10""",31,7.8,4.89,12.18,13,"=HYPERLINK(""https://progressionfootball.com/players?league=10455&player=49389779"")",49389779
5,Jeff,Pollard,QB,23,73,226,Missouri,Lions,South,1,4.68,18,"9'6""",36,7.86,5.17,11.67,15,"=HYPERLINK(""https://progressionfootball.com/players?league=10455&player=49389547"")",49389547
96,Jeremy,Spencer,DE,23,74,284,Oklahoma,Wagoneers,"Great Plains",1,4.86,21,"9'1""",29.5,7.5,4.64,11.81,14,"=HYPERLINK(""https://progressionfootball.com/players?league=10455&player=49389749"")",49389749
44,Jermaine,Brandon,CB,22,73,209,Provo,Wildcats,"Great Basin",1,4.58,15,"10'3""",38.5,7.39,4.73,11.83,16,"=HYPERLINK(""https://progressionfootball.com/players?league=10455&player=49389891"")",49389891
5,Jermey,Meade,OLB,21,78,248,"South Carolina",Roosters,South,1,4.58,12,"10'1""",35,7.23,4.45,11.7,12,"=HYPERLINK(""https://progressionfootball.com/players?league=10455&player=49389842"")",49389842
61,Jerome,Hines,T,23,79,329,"Texas State",Wildcats,Texas,1,5.13,20,"9'7""",29.5,8.25,5.53,12.57,15,"=HYPERLINK(""https://progressionfootball.com/players?league=10455&player=49389680"")",49389680
68,Jerome,Snyder,T,23,79,325,"Southern California",Spartans,California,1,5.09,21,"9'8""",26.5,8.29,5.43,12.37,16,"=HYPERLINK(""https://progressionfootball.com/players?league=10455&player=49389740"")",49389740
40,Joe,Burke,HB,22,69,191,Oregon,Seagulls,"Pacific Northwest",1,4.6,17,"10'0""",33,7.45,4.9,11.67,16,"=HYPERLINK(""https://progressionfootball.com/players?league=10455&player=49389577"")",49389577
95,Joe,Ferrell,DE,22,78,247,Utah,Chiefs,"Great Basin",1,4.77,19,"9'9""",33.5,7.61,4.96,11.93,14,"=HYPERLINK(""https://progressionfootball.com/players?league=10455&player=49389743"")",49389743
19,Joe,Jackson,WR,23,72,181,Florida,Manatees,Florida,1,4.47,7,"9'8""",35,7.17,4.63,11.49,15,"=HYPERLINK(""https://progressionfootball.com/players?league=10455&player=49389614"")",49389614
78,Joe,Roberts,T,22,76,285,"Arizona State","Sun Demons",Southwest,1,5.08,25,"10'4""",35,8.16,5.53,12.28,15,"=HYPERLINK(""https://progressionfootball.com/players?league=10455&player=49389679"")",49389679
20,Joe,Scott,S,21,73,183,"North Carolina",Rams,South,1,4.69,4,"9'11""",37,7.42,4.87,11.85,15,"=HYPERLINK(""https://progressionfootball.com/players?league=10455&player=49389916"")",49389916
48,Joe,Scott,S,22,74,195,"Texas Tech","Red Pillagers",Texas,1,4.62,11,"10'4""",38,7.29,4.68,11.65,15,"=HYPERLINK(""https://progressionfootball.com/players?league=10455&player=49389919"")",49389919
23,Joey,Irby,CB,23,71,173,"Georgia Tech",Wasps,South,1,4.38,5,"10'7""",41,6.96,4.32,11.45,14,"=HYPERLINK(""https://progressionfootball.com/players?league=10455&player=49389880"")",49389880
26,Joey,Pinkerton,S,20,73,192,"Arizona State","Sun Demons",Southwest,1,4.66,14,"10'2""",35.5,7.26,4.92,11.9,12,"=HYPERLINK(""https://progressionfootball.com/players?league=10455&player=49389931"")",49389931
87,John,Clark,WR,23,71,184,"East Carolina",Buccaneers,South,1,4.61,9,"10'5""",39.5,7.14,4.66,11.3,15,"=HYPERLINK(""https://progressionfootball.com/players?league=10455&player=49389637"")",49389637
33,John,Diggs,HB,22,73,190,Arkansas,Boars,South,1,4.6,19,"9'6""",33.5,7.55,5.14,11.75,16,"=HYPERLINK(""https://progressionfootball.com/players?league=10455&player=49389561"")",49389561
75,John,Griffin,G,21,75,298,Kentucky,Tigers,South,1,4.7,35,"11'0""",33,7.77,4.68,11.58,36,"=HYPERLINK(""https://progressionfootball.com/players?league=10455&player=49389722"")",49389722
71,John,Harris,DT,22,73,304,Beaumont,Jays,Texas,2,4.69,33,"10'10""",33,7.75,4.75,11.71,18,"=HYPERLINK(""https://progressionfootball.com/players?league=10455&player=49389786"")",49389786
89,John,Hopkins,WR,21,69,203,Evanston,Panthers,Midwest,1,4.26,20,"10'10""",40.5,7.1,4.3,11.43,16,"=HYPERLINK(""https://progressionfootball.com/players?league=10455&player=49389636"")",49389636
84,John,Stephens,WR,21,74,208,"Ohio State",Acorns,Midwest,1,4.43,14,"10'3""",33.5,7.36,4.59,11.53,13,"=HYPERLINK(""https://progressionfootball.com/players?league=10455&player=49389610"")",49389610
18,Johnny,Hood,WR,23,76,203,"North Carolina State",Wolves,South,1,4.3,19,"10'9""",42,6.79,3.94,11.07,21,"=HYPERLINK(""https://progressionfootball.com/players?league=10455&player=49389625"")",49389625
7,Johnny,Johnson,CB,22,74,218,"Southern California",Spartans,California,1,4.37,13,"10'8""",39.5,7.09,4.24,11.53,24,"=HYPERLINK(""https://progressionfootball.com/players?league=10455&player=49389884"")",49389884
32,Johnthan,Colley,CB,21,75,194,"Kansas State",Cougars,"Great Plains",1,4.51,14,"10'0""",38,7.31,4.59,11.67,12,"=HYPERLINK(""https://progressionfootball.com/players?league=10455&player=49389868"")",49389868
92,Johnthan,Conner,DT,22,76,338,Georgia,Dawgs,South,1,4.85,32,"9'10""",32.5,7.68,4.82,12.32,12,"=HYPERLINK(""https://progressionfootball.com/players?league=10455&player=49389795"")",49389795
57,Johnthan,Logan,DE,22,78,254,Huntington,Bison,Appalachia,1,4.77,21,"10'3""",31,7.46,4.66,11.79,12,"=HYPERLINK(""https://progressionfootball.com/players?league=10455&player=49389756"")",49389756
23,Jonathan,Baugh,CB,22,70,174,Louisiana-Lafayette,Acadians,South,1,4.46,10,"9'10""",36,7.11,4.56,11.67,13,"=HYPERLINK(""https://progressionfootball.com/players?league=10455&player=49389875"")",49389875
38,Jonathan,Brown,CB,23,75,194,Illinois,Chiefs,Midwest,1,4.51,14,"10'9""",40.5,7.01,4.3,11.22,15,"=HYPERLINK(""https://progressionfootball.com/players?league=10455&player=49389869"")",49389869
61,Jonathan,Jones,G,22,78,307,"South Bend",Leprechauns,Midwest,1,5.16,32,"10'4""",29,7.87,5.2,12.1,25,"=HYPERLINK(""https://progressionfootball.com/players?league=10455&player=49389715"")",49389715
6,Jordan,Carlin,QB,22,75,216,Memphis,Lions,South,1,4.63,21,"10'3""",34.5,7.04,4.29,10.97,19,"=HYPERLINK(""https://progressionfootball.com/players?league=10455&player=49389553"")",49389553
95,Jordan,Holmes,OLB,23,73,270,"Miami (FL)",Storms,Florida,1,4.62,25,"10'2""",29.5,7.41,4.62,11.98,14,"=HYPERLINK(""https://progressionfootball.com/players?league=10455&player=49389821"")",49389821
7,Jordan,Jones,CB,22,74,183,"Oklahoma State",Rangers,"Great Plains",1,4.4,4,"10'7""",42,7.25,4.59,11.41,15,"=HYPERLINK(""https://progressionfootball.com/players?league=10455&player=49389897"")",49389897
53,Jordan,McNeal,DT,21,76,308,California,"Golden Cubs",California,1,4.78,31,"9'9""",31.5,7.63,4.76,11.99,13,"=HYPERLINK(""https://progressionfootball.com/players?league=10455&player=49389797"")",49389797
61,Jordan,Parker,DE,20,75,273,"Louisiana State",Cougars,South,1,4.86,13,"9'1""",29.5,7.53,4.68,12.28,14,"=HYPERLINK(""https://progressionfootball.com/players?league=10455&player=49389769"")",49389769
60,Jordan,Russell,T,21,76,325,Dallas,Mustangs,Texas,1,4.98,26,"10'1""",29,7.89,5.14,12.22,28,"=HYPERLINK(""https://progressionfootball.com/players?league=10455&player=49389677"")",49389677
55,Jordan,Tomlinson,OLB,23,75,258,Iowa,Falcons,Midwest,1,4.76,21,"10'1""",30.5,7.5,4.91,12.19,16,"=HYPERLINK(""https://progressionfootball.com/players?league=10455&player=49389848"")",49389848
12,Joseph,Jordan,WR,21,71,208,Colorado,Bison,Rockies,1,4.36,20,"10'10""",42.5,7.28,4.63,11.39,13,"=HYPERLINK(""https://progressionfootball.com/players?league=10455&player=49389648"")",49389648
22,Joseph,McCoy,S,22,72,173,Oklahoma,Wagoneers,"Great Plains",1,4.59,10,"9'11""",34.5,6.97,4.5,11.45,12,"=HYPERLINK(""https://progressionfootball.com/players?league=10455&player=49389924"")",49389924
95,Josh,Brown,DE,22,78,278,"Florida State",Chiefs,Florida,1,4.81,23,"9'7""",33,7.82,5.05,12.36,16,"=HYPERLINK(""https://progressionfootball.com/players?league=10455&player=49389777"")",49389777
10,Josh,Caldwell,QB,23,74,214,"Colorado State",Goats,Rockies,1,4.68,25,"9'9""",31,7.11,4.6,11.39,23,"=HYPERLINK(""https://progressionfootball.com/players?league=10455&player=49389543"")",49389543
98,Josh,Carter,MLB,22,77,253,Houston,Lynxes,Texas,1,4.56,31,"11'1""",38,7.09,4.27,11.63,16,"=HYPERLINK(""https://progressionfootball.com/players?league=10455&player=49389840"")",49389840
59,Josh,Jones,C,22,77,303,"Fresno State",Dogs,California,1,5.14,24,"9'11""",32.5,7.86,5.25,12.27,20,"=HYPERLINK(""https://progressionfootball.com/players?league=10455&player=49389711"")",49389711
16,Josh,Wilson,QB,23,74,217,Kentucky,Tigers,South,1,4.72,13,"9'7""",35,7.51,4.94,11.47,28,"=HYPERLINK(""https://progressionfootball.com/players?league=10455&player=49389548"")",49389548
81,Josh,Witherspoon,TE,20,77,247,Georgia,Dawgs,South,1,4.82,13,"9'10""",32.5,7.87,5.16,12.31,17,"=HYPERLINK(""https://progressionfootball.com/players?league=10455&player=49389656"")",49389656
81,Josh,Wolfe,WR,23,71,197,Michigan,Weasels,Midwest,1,4.28,20,"10'6""",36,6.97,4.15,11.11,14,"=HYPERLINK(""https://progressionfootball.com/players?league=10455&player=49389624"")",49389624
42,Justin,Braswell,CB,22,69,213,Dallas,Mustangs,Texas,1,4.4,18,"10'10""",39.5,7.15,4.5,11.46,19,"=HYPERLINK(""https://progressionfootball.com/players?league=10455&player=49389863"")",49389863
65,Justin,Murray,T,22,75,301,"Youngstown State",Orcas,Midwest,2,4.97,30,"10'4""",31,7.79,5.1,11.74,15,"=HYPERLINK(""https://progressionfootball.com/players?league=10455&player=49389676"")",49389676
21,Juwan,Keith,FB,23,71,227,Pittsburgh,Jaguars,Appalachia,1,4.95,13,"9'9""",33,7.64,5.4,12.05,16,"=HYPERLINK(""https://progressionfootball.com/players?league=10455&player=49389587"")",49389587
67,Ka'Deem,Glaser,T,20,76,328,Georgia,Dawgs,South,1,4.92,29,"10'1""",28.5,8.17,5.34,12.45,13,"=HYPERLINK(""https://progressionfootball.com/players?league=10455&player=49389734"")",49389734
99,Kareem,Johnson,DE,23,79,264,"Ohio State",Acorns,Midwest,1,4.68,22,"9'11""",34,7.33,4.38,11.51,16,"=HYPERLINK(""https://progressionfootball.com/players?league=10455&player=49389744"")",49389744
11,Keavon,Mitchell,P,21,76,202,Evanston,Panthers,Midwest,1,4.75,4,"8'4""",31,7.55,5.17,11.96,16,"=HYPERLINK(""https://progressionfootball.com/players?league=10455&player=49389968"")",49389968
32,Keith,Harrison,CB,23,70,211,"Kent State",Lightning,Midwest,1,4.57,12,"9'10""",33,7.27,4.53,11.71,12,"=HYPERLINK(""https://progressionfootball.com/players?league=10455&player=49389894"")",49389894
27,Keith,Henderson,S,22,72,180,"Penn State","Mountain Lions",Appalachia,1,4.71,18,"10'3""",39,7.26,4.82,11.76,13,"=HYPERLINK(""https://progressionfootball.com/players?league=10455&player=49389938"")",49389938
91,Keith,Jones,DT,23,76,291,Ohio,Wildcats,Midwest,1,4.77,30,"10'8""",31.5,7.81,4.82,11.82,16,"=HYPERLINK(""https://progressionfootball.com/players?league=10455&player=49389787"")",49389787
58,Keith,McCullough,OLB,21,75,262,Arkansas,Boars,South,1,4.75,22,"10'6""",37.5,7.23,4.51,11.92,16,"=HYPERLINK(""https://progressionfootball.com/players?league=10455&player=49389805"")",49389805
75,Keith,Person,G,21,76,325,Mississippi,Insurgents,South,1,4.97,29,"9'9""",27.5,7.72,5.01,12,14,"=HYPERLINK(""https://progressionfootball.com/players?league=10455&player=49389719"")",49389719
67,Keith,Walker,DT,21,74,320,Minnesota,"Golden Squirrels",Midwest,1,4.66,32,"10'5""",28,7.64,4.61,11.71,15,"=HYPERLINK(""https://progressionfootball.com/players?league=10455&player=49389781"")",49389781
38,Ken,Prewitt,TE,23,77,257,Waco,Grizzlies,Texas,1,4.68,18,"9'7""",33.5,7.87,5.09,12.06,15,"=HYPERLINK(""https://progressionfootball.com/players?league=10455&player=49389655"")",49389655
57,Kenneth,Foster,C,22,76,309,"South Bend",Leprechauns,Midwest,1,5.21,26,"9'11""",31.5,7.84,5.29,12.5,13,"=HYPERLINK(""https://progressionfootball.com/players?league=10455&player=49389704"")",49389704
52,Kenny,Aldrich,C,22,75,287,"Texas-San Antonio",Tumbleweeds,Texas,1,4.87,30,"10'6""",32,7.69,4.76,11.59,20,"=HYPERLINK(""https://progressionfootball.com/players?league=10455&player=49389700"")",49389700
96,Kenny,Johnson,DE,22,77,282,"California-Los Angeles",Bears,California,1,4.73,25,"9'11""",31.5,7.45,4.62,11.76,14,"=HYPERLINK(""https://progressionfootball.com/players?league=10455&player=49389765"")",49389765
88,Kenny,Taylor,TE,23,75,252,Alabama,"Red Wave",South,1,4.83,20,"9'11""",34,7.42,4.82,11.99,15,"=HYPERLINK(""https://progressionfootball.com/players?league=10455&player=49389662"")",49389662
22,Kerry,Lane,HB,22,73,196,"Michigan State",Trojans,Midwest,1,4.63,14,"9'6""",31,7.45,5.09,11.91,14,"=HYPERLINK(""https://progressionfootball.com/players?league=10455&player=49389585"")",49389585
57,Kevin,Black,MLB,23,78,247,"North Texas","Angry Riders","Great Plains",1,4.79,19,"10'4""",38,7.57,4.81,11.97,14,"=HYPERLINK(""https://progressionfootball.com/players?league=10455&player=49389838"")",49389838
70,Kevin,Downey,C,23,79,291,Houston,Lynxes,Texas,1,5.27,14,"9'6""",33.5,7.98,5.27,12.46,16,"=HYPERLINK(""https://progressionfootball.com/players?league=10455&player=49389702"")",49389702
59,Kevin,Floyd,MLB,20,75,247,"Ohio State",Acorns,Midwest,1,4.72,16,"10'9""",35.5,7.37,4.61,11.79,35,"=HYPERLINK(""https://progressionfootball.com/players?league=10455&player=49389833"")",49389833
12,Kevin,Jackson,WR,22,77,220,Nevada,Wolves,"Great Basin",1,4.46,12,"9'11""",34.5,7.28,4.5,11.66,12,"=HYPERLINK(""https://progressionfootball.com/players?league=10455&player=49389603"")",49389603
45,Kirk,McClain,OLB,21,74,222,"Ohio State",Acorns,Midwest,1,4.61,24,"10'7""",38.5,6.99,4.32,11.31,28,"=HYPERLINK(""https://progressionfootball.com/players?league=10455&player=49389808"")",49389808
46,Kyle,Harvey,HB,22,69,192,Minnesota,"Golden Squirrels",Midwest,1,4.7,13,"9'4""",34.5,7.85,5.38,11.94,12,"=HYPERLINK(""https://progressionfootball.com/players?league=10455&player=49389570"")",49389570
18,Kyle,Rainey,WR,21,77,185,Auburn,Wildcats,South,1,4.43,8,"10'10""",40,7.03,4.32,11.15,14,"=HYPERLINK(""https://progressionfootball.com/players?league=10455&player=49389647"")",49389647
45,Kyler,Contreras,S,23,70,201,"Arkansas State","Red Dogs",South,1,4.58,12,"10'7""",36.5,7.14,4.61,11.63,16,"=HYPERLINK(""https://progressionfootball.com/players?league=10455&player=49389911"")",49389911
15,Lance,McConnell,QB,20,74,205,Durham,Devils,South,1,4.67,9,"9'10""",34,6.91,4.26,11.35,29,"=HYPERLINK(""https://progressionfootball.com/players?league=10455&player=49389551"")",49389551
62,Landon,Reese,C,23,76,294,Michigan,Weasels,Midwest,1,4.83,31,"10'10""",34.5,7.49,4.7,11.8,24,"=HYPERLINK(""https://progressionfootball.com/players?league=10455&player=49389710"")",49389710
90,Larry,Cross,DE,23,75,296,"Texas Christian","Gila Monsters",Texas,1,4.76,14,"10'1""",33,7.36,4.47,11.87,13,"=HYPERLINK(""https://progressionfootball.com/players?league=10455&player=49389776"")",49389776
24,Larry,McLaurin,CB,23,73,198,Memphis,Lions,South,1,4.44,12,"9'11""",34.5,7.23,4.58,11.66,13,"=HYPERLINK(""https://progressionfootball.com/players?league=10455&player=49389886"")",49389886
53,Le'Raven,Hirsch,OLB,23,73,220,"Washington State",Jaguars,"Pacific Northwest",1,4.68,11,"10'6""",37.5,7.32,4.68,11.56,34,"=HYPERLINK(""https://progressionfootball.com/players?league=10455&player=49389809"")",49389809
82,LeShaun,Quarles,TE,23,78,231,"Ohio State",Acorns,Midwest,1,4.67,15,"10'1""",32.5,7.49,5.01,11.97,13,"=HYPERLINK(""https://progressionfootball.com/players?league=10455&player=49389658"")",49389658
25,Leonard,Mason,S,22,75,198,Tennessee,Militiamen,South,1,4.64,17,"10'9""",39,6.9,4.25,11.27,12,"=HYPERLINK(""https://progressionfootball.com/players?league=10455&player=49389922"")",49389922
88,Linval,Shields,WR,23,78,188,Army,Infantry,"New York",1,4.39,12,"10'3""",40,7.12,4.33,11.45,20,"=HYPERLINK(""https://progressionfootball.com/players?league=10455&player=49389631"")",49389631
33,Logan,Grossman,P,22,76,195,Alabama,"Red Wave",South,1,4.8,13,"9'7""",33,7.46,5.13,11.53,33,"=HYPERLINK(""https://progressionfootball.com/players?league=10455&player=49389956"")",49389956
55,Logan,Mayo,G,23,76,328,Florida,Manatees,Florida,1,5.03,30,"10'4""",31,8.35,5.48,12.61,16,"=HYPERLINK(""https://progressionfootball.com/players?league=10455&player=49389712"")",49389712
20,Louis,Hilton,HB,21,69,199,Navy,Sailors,Mid-Atlantic,1,4.51,9,"10'0""",32,7.45,4.83,11.58,12,"=HYPERLINK(""https://progressionfootball.com/players?league=10455&player=49389572"")",49389572
82,Louis,Lang,WR,21,78,219,Maryland,Turtles,Mid-Atlantic,1,4.54,23,"10'4""",35,6.98,4.27,11.37,14,"=HYPERLINK(""https://progressionfootball.com/players?league=10455&player=49389635"")",49389635
5,Louis,Williams,WR,23,76,208,Clemson,Wildcats,South,1,4.42,10,"10'1""",36,7.17,4.48,11.48,12,"=HYPERLINK(""https://progressionfootball.com/players?league=10455&player=49389628"")",49389628
90,Marcus,Hopkins,DT,23,77,324,Texas,Bulls,Texas,1,4.84,30,"10'6""",35.5,8.06,5,12.11,16,"=HYPERLINK(""https://progressionfootball.com/players?league=10455&player=49389801"")",49389801
39,Marcus,Lewis,CB,21,75,179,"Central Florida",Paladins,Florida,1,4.47,10,"10'6""",42.5,7.13,4.49,11.41,12,"=HYPERLINK(""https://progressionfootball.com/players?league=10455&player=49389876"")",49389876
37,Mark,Waiters,CB,21,71,207,"Texas A&M",Ranchers,Texas,1,4.32,13,"10'8""",38,6.91,4.14,11.29,19,"=HYPERLINK(""https://progressionfootball.com/players?league=10455&player=49389890"")",49389890
22,Marquess,Gary,S,22,69,198,"Louisiana State",Cougars,South,1,4.71,4,"9'10""",38.5,7.6,5.12,11.82,13,"=HYPERLINK(""https://progressionfootball.com/players?league=10455&player=49389913"")",49389913
20,Marshall,Williams,S,22,71,204,Huntington,Bison,Appalachia,1,4.7,11,"9'9""",36.5,7.28,4.72,11.75,16,"=HYPERLINK(""https://progressionfootball.com/players?league=10455&player=49389921"")",49389921
46,Matt,Brown,MLB,22,72,230,"South Bend",Leprechauns,Midwest,1,4.63,18,"10'8""",38.5,7.47,4.87,11.97,13,"=HYPERLINK(""https://progressionfootball.com/players?league=10455&player=49389834"")",49389834
70,Matt,McClure,T,20,77,328,Tulsa,Tornadoes,"Great Plains",1,4.88,35,"10'9""",31,7.75,4.66,11.83,16,"=HYPERLINK(""https://progressionfootball.com/players?league=10455&player=49389741"")",49389741
94,Matt,Thornton,DE,21,79,277,Auburn,Wildcats,South,1,4.64,30,"10'3""",31.5,7.42,4.39,11.45,15,"=HYPERLINK(""https://progressionfootball.com/players?league=10455&player=49389746"")",49389746
60,Matt,Watson,G,21,78,299,Oregon,Seagulls,"Pacific Northwest",1,5.14,28,"10'4""",29.5,7.79,5.32,12.1,16,"=HYPERLINK(""https://progressionfootball.com/players?league=10455&player=49389714"")",49389714
68,Matthew,Robinson,DE,23,75,283,Louisville,Finches,South,1,4.73,23,"9'8""",30,7.59,4.59,11.9,15,"=HYPERLINK(""https://progressionfootball.com/players?league=10455&player=49389767"")",49389767
23,Matthew,Stewart,S,20,72,219,"Miami (FL)",Storms,Florida,1,4.65,21,"10'7""",37,7.4,4.82,11.6,16,"=HYPERLINK(""https://progressionfootball.com/players?league=10455&player=49389912"")",49389912
77,Max,Busby,G,22,77,313,"Oklahoma State",Rangers,"Great Plains",1,5.27,23,"9'6""",26.5,7.88,5.41,12.21,17,"=HYPERLINK(""https://progressionfootball.com/players?league=10455&player=49389688"")",49389688
53,Michael,Butler,OLB,21,72,249,"Florida State",Chiefs,Florida,1,4.81,15,"10'0""",33,7.42,4.73,12.11,15,"=HYPERLINK(""https://progressionfootball.com/players?league=10455&player=49389852"")",49389852
58,Michael,Moore,T,21,79,295,"Central Michigan",Natives,Midwest,1,5.1,21,"9'9""",30.5,7.92,5.34,12.28,12,"=HYPERLINK(""https://progressionfootball.com/players?league=10455&player=49389727"")",49389727
26,Michael,Schmidt,WR,23,69,195,Alabama,"Red Wave",South,1,4.62,11,"10'1""",36.5,7.26,4.73,11.52,15,"=HYPERLINK(""https://progressionfootball.com/players?league=10455&player=49389605"")",49389605
40,Mike,Brown,FB,22,73,230,"Louisiana State",Cougars,South,1,5.04,17,"9'8""",30.5,7.9,5.59,12.01,16,"=HYPERLINK(""https://progressionfootball.com/players?league=10455&player=49389597"")",49389597
63,Mike,Lewis,DE,22,75,291,Tennessee,Militiamen,South,1,4.65,26,"10'7""",33.5,7.39,4.58,11.57,23,"=HYPERLINK(""https://progressionfootball.com/players?league=10455&player=49389766"")",49389766
28,Mike,Luther,HB,22,69,198,Lewisburg,Buffaloes,Appalachia,2,4.66,14,"9'9""",33,7.97,5.4,11.96,15,"=HYPERLINK(""https://progressionfootball.com/players?league=10455&player=49389579"")",49389579
48,Mike,Morrison,TE,23,77,233,Oklahoma,Wagoneers,"Great Plains",1,4.68,15,"10'7""",35.5,7.57,4.8,11.75,14,"=HYPERLINK(""https://progressionfootball.com/players?league=10455&player=49389665"")",49389665
10,Mike,Parker,WR,23,74,184,"Air Force",Pilots,Rockies,1,4.51,10,"9'11""",38,7.33,4.93,11.86,15,"=HYPERLINK(""https://progressionfootball.com/players?league=10455&player=49389630"")",49389630
59,Miles,Johnson,G,20,75,283,"Southern California",Spartans,California,1,5.06,23,"9'7""",31.5,7.97,5.56,12.21,22,"=HYPERLINK(""https://progressionfootball.com/players?league=10455&player=49389690"")",49389690
9,Morgan,Diaz,K,23,74,212,Auburn,Wildcats,South,1,4.76,4,"8'9""",27,7.35,4.95,11.72,23,"=HYPERLINK(""https://progressionfootball.com/players?league=10455&player=49389943"")",49389943
80,Morgan,Payne,TE,21,75,248,Nevada,Wolves,"Great Basin",1,4.69,21,"10'3""",34.5,7.44,4.58,11.82,15,"=HYPERLINK(""https://progressionfootball.com/players?league=10455&player=49389660"")",49389660
21,Nate,Banks,CB,23,75,191,"Ohio State",Acorns,Midwest,1,4.49,11,"9'10""",35.5,7.16,4.64,11.75,13,"=HYPERLINK(""https://progressionfootball.com/players?league=10455&player=49389899"")",49389899
10,Nathen,Miles,QB,21,68,219,Oklahoma,Wagoneers,"Great Plains",1,4.73,14,"9'10""",30,7.27,4.57,11.43,13,"=HYPERLINK(""https://progressionfootball.com/players?league=10455&player=49389554"")",49389554
29,Neville,Vaughan,P,22,74,191,Arizona,Tigers,Southwest,1,4.8,4,"8'4""",27.5,7.59,5.16,11.61,13,"=HYPERLINK(""https://progressionfootball.com/players?league=10455&player=49389960"")",49389960
60,Nevin,Roberts,DT,21,76,293,"Texas A&M",Ranchers,Texas,1,4.82,28,"9'10""",32,8.08,5.18,12.18,15,"=HYPERLINK(""https://progressionfootball.com/players?league=10455&player=49389791"")",49389791
76,Nick,Silver,T,22,79,327,Nebraska,Harvesters,"Great Plains",1,5.2,29,"10'0""",27,8.09,5.39,12.16,16,"=HYPERLINK(""https://progressionfootball.com/players?league=10455&player=49389729"")",49389729
31,Nickell,Miller,S,23,71,190,Louisville,Finches,South,1,4.4,12,"10'10""",41.5,6.96,4.2,11.24,15,"=HYPERLINK(""https://progressionfootball.com/players?league=10455&player=49389914"")",49389914
27,Orson,Rucker,CB,21,74,176,Florida,Manatees,Florida,1,4.59,4,"9'9""",38,7.36,5.07,11.77,12,"=HYPERLINK(""https://progressionfootball.com/players?league=10455&player=49389903"")",49389903
50,Pat,Simmons,OLB,22,77,266,Oregon,Seagulls,"Pacific Northwest",1,4.82,23,"10'3""",35,7.3,4.6,12.02,18,"=HYPERLINK(""https://progressionfootball.com/players?league=10455&player=49389811"")",49389811
24,Pat,Wang,HB,23,70,194,Florida,Manatees,Florida,1,4.74,19,"10'0""",33,7.38,5.1,12.03,14,"=HYPERLINK(""https://progressionfootball.com/players?league=10455&player=49389564"")",49389564
52,Patrick,Alderman,DE,23,76,287,"North Texas","Angry Riders","Great Plains",1,4.63,30,"10'8""",35.5,7.23,4.35,11.56,21,"=HYPERLINK(""https://progressionfootball.com/players?league=10455&player=49389759"")",49389759
47,Patrick,Sullivan,S,23,72,187,Texas,Bulls,Texas,1,4.67,4,"10'5""",40,6.98,4.51,11.43,16,"=HYPERLINK(""https://progressionfootball.com/players?league=10455&player=49389908"")",49389908
75,Patrick,Williamson,G,23,77,295,"Michigan State",Trojans,Midwest,1,5.15,27,"9'9""",29.5,8.02,5.44,12.07,13,"=HYPERLINK(""https://progressionfootball.com/players?league=10455&player=49389689"")",49389689
79,Paul,Greene,T,23,78,319,Missouri,Lions,South,1,5.12,24,"10'3""",33,7.91,5.17,12.39,16,"=HYPERLINK(""https://progressionfootball.com/players?league=10455&player=49389669"")",49389669
87,Paul,Lewis,WR,21,74,198,"Missouri State",Grizzlies,South,2,4.54,13,"9'10""",37.5,7.37,4.73,11.76,14,"=HYPERLINK(""https://progressionfootball.com/players?league=10455&player=49389638"")",49389638
19,Paul,West,K,20,74,219,Florida,Manatees,Florida,1,4.72,17,"9'1""",27.5,7.72,5.17,11.59,21,"=HYPERLINK(""https://progressionfootball.com/players?league=10455&player=49389946"")",49389946
11,Paxton,Brown,MLB,21,73,236,"North Carolina State",Wolves,South,1,4.64,22,"10'7""",37,7.22,4.47,11.8,15,"=HYPERLINK(""https://progressionfootball.com/players?league=10455&player=49389829"")",49389829
59,Perry,Dean,T,22,77,299,"Texas Christian","Gila Monsters",Texas,1,4.86,33,"10'3""",31,7.48,4.82,11.59,27,"=HYPERLINK(""https://progressionfootball.com/players?league=10455&player=49389675"")",49389675
7,Preston,Mason,HB,21,71,196,"Arizona State","Sun Demons",Southwest,1,4.5,15,"10'8""",37,7.23,4.65,11.31,13,"=HYPERLINK(""https://progressionfootball.com/players?league=10455&player=49389566"")",49389566
37,Quincy,Miller,OLB,21,74,243,"Oklahoma State",Rangers,"Great Plains",1,4.81,15,"10'3""",37,7.68,4.96,11.87,14,"=HYPERLINK(""https://progressionfootball.com/players?league=10455&player=49389854"")",49389854
86,Quincy,Wright,WR,22,76,215,"South Bend",Leprechauns,Midwest,1,4.55,8,"9'6""",31.5,7.67,4.88,11.78,13,"=HYPERLINK(""https://progressionfootball.com/players?league=10455&player=49389646"")",49389646
46,Quinton,McDuffie,FB,21,71,272,Auburn,Wildcats,South,1,5.26,21,"10'0""",30.5,7.83,5.58,11.97,12,"=HYPERLINK(""https://progressionfootball.com/players?league=10455&player=49389591"")",49389591
67,Rakeem,Davis,G,20,75,330,"Ohio State",Acorns,Midwest,1,4.92,27,"10'7""",32,7.68,4.88,12.1,14,"=HYPERLINK(""https://progressionfootball.com/players?league=10455&player=49389695"")",49389695
16,Ramon,Kirby,K,20,70,163,Iowa,Falcons,Midwest,1,4.8,12,"8'5""",33.5,7.59,5.35,11.75,17,"=HYPERLINK(""https://progressionfootball.com/players?league=10455&player=49389942"")",49389942
52,Randall,Gillespie,OLB,23,74,275,"Penn State","Mountain Lions",Appalachia,1,4.74,19,"10'3""",31.5,7.41,4.62,12.17,14,"=HYPERLINK(""https://progressionfootball.com/players?league=10455&player=49389813"")",49389813
67,Randy,Brown,DE,22,74,265,Arkansas,Boars,South,1,4.67,22,"9'11""",31,7.3,4.47,11.68,12,"=HYPERLINK(""https://progressionfootball.com/players?league=10455&player=49389757"")",49389757
39,Randy,Floyd,FB,20,69,247,Arkansas,Boars,South,1,4.77,22,"10'10""",36.5,7.45,4.73,11.54,23,"=HYPERLINK(""https://progressionfootball.com/players?league=10455&player=49389589"")",49389589
37,Rashaan,Clark,CB,20,72,211,Durham,Devils,South,1,4.54,19,"10'2""",36.5,7.58,5,12.11,14,"=HYPERLINK(""https://progressionfootball.com/players?league=10455&player=49389871"")",49389871
71,Rashaan,Wood,C,20,77,285,"North Texas","Angry Riders","Great Plains",1,4.95,25,"9'8""",30.5,8.28,5.47,12.29,13,"=HYPERLINK(""https://progressionfootball.com/players?league=10455&player=49389697"")",49389697
40,Rashawn,Richardson,CB,21,71,180,Utah,Chiefs,"Great Basin",1,4.58,14,"10'0""",34.5,7.37,5.03,11.61,13,"=HYPERLINK(""https://progressionfootball.com/players?league=10455&player=49389901"")",49389901
61,Rashawn,Rodgers,T,21,76,291,"Oklahoma State",Rangers,"Great Plains",1,5.16,21,"9'3""",26.5,8.29,5.54,12.4,16,"=HYPERLINK(""https://progressionfootball.com/players?league=10455&player=49389736"")",49389736
15,Raymond,Dougherty,WR,23,72,212,"Weber State",Cougars,"Great Basin",2,4.41,13,"10'3""",38.5,6.99,4.1,11.36,20,"=HYPERLINK(""https://progressionfootball.com/players?league=10455&player=49389640"")",49389640
16,Raymond,Sorensen,K,23,70,191,"Florida State",Chiefs,Florida,1,4.75,9,"9'4""",34,7.23,4.83,11.24,16,"=HYPERLINK(""https://progressionfootball.com/players?league=10455&player=49389954"")",49389954
91,Ricardo,Johnson,OLB,20,77,266,Clemson,Wildcats,South,1,4.79,20,"10'5""",37.5,7.38,4.61,11.93,16,"=HYPERLINK(""https://progressionfootball.com/players?league=10455&player=49389847"")",49389847
24,Ricardo,Ritter,S,21,72,204,Arkansas,Boars,South,1,4.53,14,"10'4""",33.5,7.15,4.6,11.58,12,"=HYPERLINK(""https://progressionfootball.com/players?league=10455&player=49389933"")",49389933
16,Ricardo,Stevens,WR,23,78,185,"South Carolina",Roosters,South,1,4.56,6,"9'9""",39.5,7.1,4.63,11.57,15,"=HYPERLINK(""https://progressionfootball.com/players?league=10455&player=49389615"")",49389615
51,Ricky,Smith,T,22,75,327,"Texas A&M",Ranchers,Texas,1,5.14,31,"10'1""",32.5,8.04,5.31,12.43,16,"=HYPERLINK(""https://progressionfootball.com/players?league=10455&player=49389730"")",49389730
0,Riley,Bivens,WR,23,68,193,"Florida State",Chiefs,Florida,1,4.34,9,"10'5""",37.5,6.84,4.11,11.27,15,"=HYPERLINK(""https://progressionfootball.com/players?league=10455&player=49389622"")",49389622
45,Riley,Marshall,OLB,21,71,275,Durham,Devils,South,1,4.67,32,"11'5""",40,7.35,4.46,11.58,24,"=HYPERLINK(""https://progressionfootball.com/players?league=10455&player=49389844"")",49389844
40,Rob,Duncan,MLB,23,73,255,"Miami (FL)",Storms,Florida,1,4.57,21,"10'7""",34,7.28,4.27,11.78,15,"=HYPERLINK(""https://progressionfootball.com/players?league=10455&player=49389831"")",49389831
15,Rob,Hawthorne,WR,22,77,194,Oklahoma,Wagoneers,"Great Plains",1,4.42,17,"10'11""",42.5,7.13,4.52,11.36,16,"=HYPERLINK(""https://progressionfootball.com/players?league=10455&player=49389607"")",49389607
37,Rob,Leslie,S,20,72,185,Alabama,"Red Wave",South,1,4.68,8,"9'11""",37.5,7.34,4.88,11.62,14,"=HYPERLINK(""https://progressionfootball.com/players?league=10455&player=49389910"")",49389910
42,Robert,Clark,MLB,20,74,277,"Penn State","Mountain Lions",Appalachia,1,4.69,30,"10'3""",32,7.34,4.48,11.9,29,"=HYPERLINK(""https://progressionfootball.com/players?league=10455&player=49389837"")",49389837
56,Robert,Owens,T,22,75,330,Connecticut,"Polar Bears","New England",1,5.03,33,"10'4""",28.5,8.09,5.22,12.34,28,"=HYPERLINK(""https://progressionfootball.com/players?league=10455&player=49389674"")",49389674
10,Robert,Paredes,P,23,75,217,"San Jose State",Warriors,California,1,4.83,4,"8'6""",31.5,7.78,5.51,12,14,"=HYPERLINK(""https://progressionfootball.com/players?league=10455&player=49389961"")",49389961
55,Robert,Paulsen,C,23,78,322,"Western Illinois","Snapping Turtles",Midwest,2,4.98,31,"10'7""",28,7.94,5.18,12.53,13,"=HYPERLINK(""https://progressionfootball.com/players?league=10455&player=49389709"")",49389709
5,Robert,Sexton,QB,23,76,219,"Arizona State","Sun Demons",Southwest,1,4.67,20,"9'6""",32.5,7.19,4.6,11.23,12,"=HYPERLINK(""https://progressionfootball.com/players?league=10455&player=49389542"")",49389542
36,Ronald,Durham,CB,21,70,220,"Mississippi State","Wild Dogs",South,1,4.46,14,"11'0""",42,6.83,4.01,11.15,14,"=HYPERLINK(""https://progressionfootball.com/players?league=10455&player=49389900"")",49389900
95,Ronald,Fowler,OLB,21,77,239,Auburn,Wildcats,South,1,4.7,15,"10'5""",37,7.23,4.54,11.72,15,"=HYPERLINK(""https://progressionfootball.com/players?league=10455&player=49389818"")",49389818
85,Ronald,Sherman,WR,22,75,182,"West Virginia",Miners,Appalachia,1,4.67,14,"10'0""",36.5,7.41,4.93,11.48,15,"=HYPERLINK(""https://progressionfootball.com/players?league=10455&player=49389618"")",49389618
74,Ronnie,Crawford,C,21,75,326,"Southern California",Spartans,California,1,5.09,23,"10'0""",29,7.92,5.12,12.55,12,"=HYPERLINK(""https://progressionfootball.com/players?league=10455&player=49389698"")",49389698
26,Ronnie,Green,CB,20,75,210,Maryland,Turtles,Mid-Atlantic,1,4.49,26,"10'6""",37.5,7.14,4.42,11.49,14,"=HYPERLINK(""https://progressionfootball.com/players?league=10455&player=49389864"")",49389864
37,Roy,Cameron,CB,22,72,203,Oregon,Seagulls,"Pacific Northwest",1,4.54,11,"10'5""",41,7.34,4.69,11.77,16,"=HYPERLINK(""https://progressionfootball.com/players?league=10455&player=49389896"")",49389896
34,Rueben,Haynes,HB,21,69,199,"Texas-El Paso",Mountaineers,Southwest,1,4.76,17,"9'10""",33.5,7.68,5.4,11.93,16,"=HYPERLINK(""https://progressionfootball.com/players?league=10455&player=49389574"")",49389574
28,Russell,Buford,FB,21,70,238,Michigan,Weasels,Midwest,1,4.89,27,"11'2""",37.5,7.58,4.91,11.61,22,"=HYPERLINK(""https://progressionfootball.com/players?league=10455&player=49389590"")",49389590
54,Russell,Cochran,OLB,23,73,238,Mississippi,Insurgents,South,1,4.59,16,"10'3""",40,7.42,4.61,11.54,30,"=HYPERLINK(""https://progressionfootball.com/players?league=10455&player=49389851"")",49389851
60,Russell,Jones,DT,21,73,302,"East Carolina",Buccaneers,South,1,4.77,26,"10'3""",28.5,7.62,4.74,12.05,16,"=HYPERLINK(""https://progressionfootball.com/players?league=10455&player=49389798"")",49389798
94,Russell,Morgan,DE,23,79,278,"Michigan State",Trojans,Midwest,1,4.59,30,"10'3""",31.5,7.11,4.04,11.52,14,"=HYPERLINK(""https://progressionfootball.com/players?league=10455&player=49389774"")",49389774
66,Russell,Wagner,C,23,75,283,"West Lafayette",Engineers,Midwest,1,4.83,34,"10'5""",35.5,7.67,4.72,11.55,30,"=HYPERLINK(""https://progressionfootball.com/players?league=10455&player=49389708"")",49389708
42,Russell,White,HB,23,71,196,Kansas,Larks,"Great Plains",1,4.8,13,"9'3""",33.5,7.7,5.29,11.89,13,"=HYPERLINK(""https://progressionfootball.com/players?league=10455&player=49389569"")",49389569
3,Russell,Wood,K,23,71,204,Alabama,"Red Wave",South,1,4.64,10,"9'8""",32.5,7.31,4.68,11.23,22,"=HYPERLINK(""https://progressionfootball.com/players?league=10455&player=49389950"")",49389950
45,Russell,Wooten,CB,22,71,216,Alabama,"Red Wave",South,1,4.62,15,"10'1""",37,7.13,4.46,11.52,15,"=HYPERLINK(""https://progressionfootball.com/players?league=10455&player=49389873"")",49389873
92,Ryan,Allen,OLB,22,77,237,Illinois,Chiefs,Midwest,1,4.59,14,"10'3""",35.5,7.26,4.48,11.79,28,"=HYPERLINK(""https://progressionfootball.com/players?league=10455&player=49389858"")",49389858
54,Ryan,Goodman,C,23,78,329,"North Carolina State",Wolves,South,1,5.13,27,"9'8""",29.5,8.19,5.62,12.5,17,"=HYPERLINK(""https://progressionfootball.com/players?league=10455&player=49389701"")",49389701
49,Ryan,Howard,WR,22,75,215,Durham,Devils,South,1,4.53,21,"9'9""",36.5,7.31,4.86,12.02,16,"=HYPERLINK(""https://progressionfootball.com/players?league=10455&player=49389644"")",49389644
37,Ryan,Silverman,S,23,70,176,Hawaii,Volcanoes,Hawaii,1,4.42,15,"10'9""",39,6.61,3.95,10.91,24,"=HYPERLINK(""https://progressionfootball.com/players?league=10455&player=49389932"")",49389932
33,Ryan,Smith,CB,23,72,175,"South Bend",Leprechauns,Midwest,1,4.38,5,"9'11""",35.5,6.97,4.28,11.25,13,"=HYPERLINK(""https://progressionfootball.com/players?league=10455&player=49389881"")",49389881
54,Scott,Christian,G,22,76,299,Clemson,Wildcats,South,1,4.96,33,"10'7""",30.5,8.05,5.19,11.98,27,"=HYPERLINK(""https://progressionfootball.com/players?league=10455&player=49389692"")",49389692
30,Scott,Minor,HB,23,73,198,Auburn,Wildcats,South,1,4.59,22,"10'6""",32.5,7.45,5,11.75,15,"=HYPERLINK(""https://progressionfootball.com/players?league=10455&player=49389584"")",49389584
7,Scott,Smith,QB,22,69,208,"Louisiana State",Cougars,South,1,4.6,19,"9'10""",32.5,7.21,4.68,11.43,15,"=HYPERLINK(""https://progressionfootball.com/players?league=10455&player=49389557"")",49389557
66,Sean,Lopez,DT,23,73,307,"Michigan State",Trojans,Midwest,1,4.81,30,"9'8""",32,7.98,5.01,12.22,16,"=HYPERLINK(""https://progressionfootball.com/players?league=10455&player=49389802"")",49389802
5,Sean,Nash,QB,23,71,204,"North Dakota State",Buffaloes,"Great Plains",2,4.63,15,"9'9""",37,7.09,4.56,11.21,28,"=HYPERLINK(""https://progressionfootball.com/players?league=10455&player=49389546"")",49389546
39,Stephen,Roberson,CB,23,75,182,Navy,Sailors,Mid-Atlantic,1,4.6,16,"10'2""",38.5,7.39,4.9,11.67,16,"=HYPERLINK(""https://progressionfootball.com/players?league=10455&player=49389895"")",49389895
33,Steven,Buford,FB,23,71,229,Nashville,Admirals,South,1,4.83,21,"10'9""",32.5,7.17,4.64,11.14,29,"=HYPERLINK(""https://progressionfootball.com/players?league=10455&player=49389598"")",49389598
19,Steven,Tobin,P,23,75,214,Cincinnati,Cubs,Midwest,1,4.88,9,"8'10""",27.5,7.57,5.03,11.92,28,"=HYPERLINK(""https://progressionfootball.com/players?league=10455&player=49389963"")",49389963
47,Sven,Pemberton,HB,23,72,194,Williamsburg,Chiefs,Mid-Atlantic,2,4.43,13,"10'4""",34.5,7.46,4.82,11.67,15,"=HYPERLINK(""https://progressionfootball.com/players?league=10455&player=49389576"")",49389576
91,T.J.,Wilson,DE,23,78,300,California,"Golden Cubs",California,1,4.76,28,"9'9""",32.5,7.49,4.5,11.88,20,"=HYPERLINK(""https://progressionfootball.com/players?league=10455&player=49389764"")",49389764
42,Tarell,Farmer,TE,21,77,252,Clemson,Wildcats,South,1,4.58,24,"10'5""",34.5,7.42,4.57,11.71,14,"=HYPERLINK(""https://progressionfootball.com/players?league=10455&player=49389657"")",49389657
73,Tarell,George,DE,23,75,292,"South Dakota",Dingos,"Great Plains",2,4.77,24,"9'9""",30,7.82,5.08,12.23,12,"=HYPERLINK(""https://progressionfootball.com/players?league=10455&player=49389755"")",49389755
24,Tarell,Ingram,CB,22,69,170,"Fresno State",Dogs,California,1,4.35,8,"10'5""",39.5,6.76,4.05,11.06,18,"=HYPERLINK(""https://progressionfootball.com/players?league=10455&player=49389888"")",49389888
85,Tavaris,Lake,TE,22,75,259,"Kansas State",Cougars,"Great Plains",1,4.81,19,"10'4""",33.5,7.49,4.87,11.83,16,"=HYPERLINK(""https://progressionfootball.com/players?league=10455&player=49389663"")",49389663
56,Tavon,White,T,22,75,286,"Louisiana State",Cougars,South,1,4.92,27,"9'8""",25.5,7.99,5.31,12.44,12,"=HYPERLINK(""https://progressionfootball.com/players?league=10455&player=49389728"")",49389728
19,Terence,Allen,WR,21,77,196,Texas,Bulls,Texas,1,4.49,5,"9'5""",33.5,7.39,4.66,11.59,13,"=HYPERLINK(""https://progressionfootball.com/players?league=10455&player=49389642"")",49389642
11,Terence,Cooper,QB,21,71,208,"Florida State",Chiefs,Florida,1,4.69,12,"9'9""",34,7.22,4.57,11.13,32,"=HYPERLINK(""https://progressionfootball.com/players?league=10455&player=49389556"")",49389556
55,Terrence,Turner,G,23,79,284,Spartanburg,Corgis,South,2,4.88,29,"10'8""",32,7.54,4.99,11.71,30,"=HYPERLINK(""https://progressionfootball.com/players?league=10455&player=49389717"")",49389717
34,Tim,Rosenthal,OLB,23,77,242,"West Lafayette",Engineers,Midwest,1,4.71,13,"10'4""",35.5,7.49,4.88,11.92,18,"=HYPERLINK(""https://progressionfootball.com/players?league=10455&player=49389850"")",49389850
25,Tommy,Franklin,CB,23,74,195,"North Carolina",Rams,South,1,4.31,22,"10'8""",37,6.89,4.12,11.19,15,"=HYPERLINK(""https://progressionfootball.com/players?league=10455&player=49389893"")",49389893
46,Tommy,Hollingsworth,HB,23,71,193,"Louisiana State",Cougars,South,1,4.82,4,"9'4""",34.5,7.92,5.49,12.25,13,"=HYPERLINK(""https://progressionfootball.com/players?league=10455&player=49389567"")",49389567
1,Tony,Brooks,CB,23,72,200,Colorado,Bison,Rockies,1,4.41,4,"9'8""",37,7.48,4.71,11.98,12,"=HYPERLINK(""https://progressionfootball.com/players?league=10455&player=49389874"")",49389874
16,Tramaine,Glover,WR,23,78,190,Tulsa,Tornadoes,"Great Plains",1,4.47,4,"10'6""",37.5,7.37,4.66,11.48,13,"=HYPERLINK(""https://progressionfootball.com/players?league=10455&player=49389620"")",49389620
85,Travis,Joseph,FB,21,71,270,Southern,Pumas,South,2,5.17,27,"10'1""",29,7.8,5.25,11.93,14,"=HYPERLINK(""https://progressionfootball.com/players?league=10455&player=49389593"")",49389593
52,Tre,Miller,MLB,22,78,243,Clemson,Wildcats,South,1,4.73,15,"9'9""",35,7.49,4.84,12.01,15,"=HYPERLINK(""https://progressionfootball.com/players?league=10455&player=49389832"")",49389832
47,Trent,McKnight,MLB,22,75,220,Auburn,Wildcats,South,1,4.68,13,"11'0""",42.5,6.82,4.17,11.41,28,"=HYPERLINK(""https://progressionfootball.com/players?league=10455&player=49389830"")",49389830
43,Trumaine,Colbert,CB,21,74,207,"West Lafayette",Engineers,Midwest,1,4.51,13,"9'9""",36,7.48,4.81,11.76,12,"=HYPERLINK(""https://progressionfootball.com/players?league=10455&player=49389906"")",49389906
60,Ty,Teague,G,23,75,297,Auburn,Wildcats,South,1,4.97,30,"10'8""",35.5,7.86,4.97,11.59,14,"=HYPERLINK(""https://progressionfootball.com/players?league=10455&player=49389696"")",49389696
57,Tyler,Collins,DT,21,76,329,"North Dakota",Warriors,"Great Plains",2,4.85,32,"9'8""",28.5,8.05,4.92,12.33,14,"=HYPERLINK(""https://progressionfootball.com/players?league=10455&player=49389793"")",49389793
68,Tyreek,Lane,DT,20,76,292,"Central Michigan",Natives,Midwest,1,4.9,23,"10'2""",29,8.12,5.29,12.58,13,"=HYPERLINK(""https://progressionfootball.com/players?league=10455&player=49389792"")",49389792
66,Tyreek,Washburn,T,22,78,318,Iowa,Falcons,Midwest,1,5.22,20,"9'11""",30,8.12,5.44,12.21,13,"=HYPERLINK(""https://progressionfootball.com/players?league=10455&player=49389678"")",49389678
99,Tyreek,Williams,DE,21,76,285,"Southern California",Spartans,California,1,4.72,28,"10'6""",29.5,7.67,4.72,11.94,13,"=HYPERLINK(""https://progressionfootball.com/players?league=10455&player=49389750"")",49389750
11,Vernon,Marks,WR,20,70,206,"Texas A&M",Ranchers,Texas,1,4.54,14,"9'7""",35,7.33,4.84,11.68,14,"=HYPERLINK(""https://progressionfootball.com/players?league=10455&player=49389604"")",49389604
4,Vincent,Henry,QB,23,77,215,"South Bend",Leprechauns,Midwest,1,4.71,13,"9'9""",34,7.52,4.93,11.63,32,"=HYPERLINK(""https://progressionfootball.com/players?league=10455&player=49389549"")",49389549
32,Vincent,Johns,S,23,70,199,"Ohio State",Acorns,Midwest,1,4.8,21,"9'10""",37.5,7.46,5.13,12.01,14,"=HYPERLINK(""https://progressionfootball.com/players?league=10455&player=49389920"")",49389920
18,Vincent,Mueller,QB,22,76,201,Utah,Chiefs,"Great Basin",1,4.62,13,"10'0""",34.5,6.98,4.33,10.98,17,"=HYPERLINK(""https://progressionfootball.com/players?league=10455&player=49389550"")",49389550
42,Vinny,Curry,CB,22,71,209,Arizona,Tigers,Southwest,1,4.44,22,"10'1""",37,7.24,4.48,11.78,15,"=HYPERLINK(""https://progressionfootball.com/players?league=10455&player=49389885"")",49389885
58,Walter,Vogt,C,21,75,329,Cincinnati,Cubs,Midwest,1,5.01,31,"10'3""",27.5,7.82,5.01,12.29,12,"=HYPERLINK(""https://progressionfootball.com/players?league=10455&player=49389707"")",49389707
87,Wendell,Andrade,WR,23,78,216,"Indiana State",Oaks,Midwest,2,4.53,9,"9'8""",32,7.41,4.82,11.99,12,"=HYPERLINK(""https://progressionfootball.com/players?league=10455&player=49389639"")",49389639
50,Wendell,Barbee,DE,22,78,295,Memphis,Lions,South,1,4.8,26,"10'4""",32,7.94,5.05,12.23,14,"=HYPERLINK(""https://progressionfootball.com/players?league=10455&player=49389753"")",49389753
23,William,Roberts,HB,21,68,196,Michigan,Weasels,Midwest,1,4.53,10,"9'4""",35.5,7.24,4.68,11.68,16,"=HYPERLINK(""https://progressionfootball.com/players?league=10455&player=49389575"")",49389575
9,Willie,Stroud,QB,22,75,211,"Air Force",Pilots,Rockies,1,4.52,14,"10'4""",35.5,7.24,4.44,11.34,25,"=HYPERLINK(""https://progressionfootball.com/players?league=10455&player=49389544"")",49389544
91,Willie,Williford,MLB,22,78,221,"Western Illinois","Snapping Turtles",Midwest,2,4.55,13,"10'9""",37.5,6.96,4.19,11.27,20,"=HYPERLINK(""https://progressionfootball.com/players?league=10455&player=49389836"")",49389836
47,Woodrow,Kent,MLB,22,75,257,"California-Los Angeles",Bears,California,1,4.84,16,"9'9""",35,7.44,4.78,12.19,28,"=HYPERLINK(""https://progressionfootball.com/players?league=10455&player=49389823"")",49389823
18,Zack,Timm,P,23,72,214,Clemson,Wildcats,South,1,4.88,12,"9'2""",31,7.61,5.41,12,16,"=HYPERLINK(""https://progressionfootball.com/players?league=10455&player=49389959"")",49389959
70,Zaire,Richards,G,21,75,300,"Illinois State",Cardinals,Midwest,2,4.85,33,"10'7""",30.5,7.78,4.84,11.72,30,"=HYPERLINK(""https://progressionfootball.com/players?league=10455&player=49389693"")",49389693
80,Zaire,Roberts,WR,23,75,212,Louisville,Finches,South,1,4.5,15,"9'11""",36.5,7.39,4.67,11.92,12,"=HYPERLINK(""https://progressionfootball.com/players?league=10455&player=49389612"")",49389612
